_r,RA_ICRS,DE_ICRS,rgeo,b_rgeo,B_rgeo,phot_g_mean_mag,bp_rp,phot_g_mean_mag_error,phot_bp_mean_mag_error,phot_rp_mean_mag_error
0.001,138.22844273593,-48.49712949327,3253.32275,2038.88806,5292.60498,10.837541112060546,-0.9313632865905763,0.00422,0.164356,0.014704
0.4635,138.22605790332,-48.48958434316,1094.08301,1076.97375,1108.82202,5.682681051391601,-1.658908548553467,0.002777,0.00384,0.003835
0.8519,138.23380526785,-48.48339786291,417.284851,413.678558,421.109894,6.0354658826904295,-3.3124718104858397,0.002767,0.003319,0.003874
1.3926,138.19411801772,-48.49255547482,644.243286,614.481445,686.639465,9.388309957519532,-2.1264959190063477,0.003033,0.028619,0.009392
1.5345,138.19754188065,-48.51246624472,461.986176,423.204468,508.427643,10.629194445800781,-2.0552558383483888,0.003622,0.073344,0.01525
1.8928,138.26910356067,-48.48073914094,590.13446,563.20813,624.974609,8.752745056152342,-2.5952090984191893,0.002895,0.019968,0.005842
2.1039,138.1762489687,-48.4914145734,742.417908,644.656616,908.629578,10.555727148071288,-1.823741156829834,0.003758,0.071438,0.012928
2.2812,138.27112664725,-48.52256531325,996.390015,906.068237,1093.4552,9.518293667602538,-1.1533120535583494,0.003071,0.072644,0.009075
2.5712,138.26430894779,-48.46148949737,878.5271,793.364441,999.463684,9.38911975390625,-1.3729180783996582,0.00307,0.063802,0.006858
2.5734,138.27721397887,-48.46895311078,901.333435,767.858215,1050.16138,10.170135371704102,-2.095115788726807,0.003419,0.083821,0.015468
2.5994,138.21027552407,-48.45553107624,1613.33972,1413.40222,1821.48218,8.9158357131958,-1.8301422615356446,0.002936,0.035915,0.005786
2.7215,138.24555061161,-48.4532277002,1799.70886,1750.53772,1852.05896,4.359804074401856,-1.1037563829345705,0.002799,0.003399,0.003848
2.7922,138.22920840957,-48.45061114877,1868.61292,1784.22156,1948.20703,6.921567912414551,-2.2042198568725584,0.00279,0.005298,0.003938
2.8705,138.2238116297,-48.44940235064,1624.62366,1391.09985,1938.01892,9.281982420166017,-1.8361002291564943,0.003,0.035903,0.007561
3.0626,138.21570459513,-48.4468063871,954.586853,849.922729,1085.51086,9.685393366394042,-2.0575615938415526,0.003122,0.045752,0.008883
3.1676,138.22859774962,-48.54993948837,1043.38721,890.776978,1271.00464,10.546681100646971,-0.8187075990905761,0.003637,0.105055,0.012672
3.261,138.17431065565,-48.53798553013,1658.91431,1547.90942,1775.15161,8.324795676452638,-1.078982510925293,0.002832,0.027547,0.004237
3.3292,138.157039205,-48.52614342922,447.496796,444.015625,451.13385,6.987380321777344,-3.0128952090759276,0.002767,0.003731,0.003932
3.4835,138.15497475347,-48.52879589357,908.915833,879.487061,940.875,7.812577626342772,-1.4110955239257814,0.002802,0.008859,0.004003
3.5471,138.14714248736,-48.4728411356,568.392273,497.001831,642.886719,10.643345456115721,-1.954359414337158,0.003783,0.09758,0.017399
3.5496,138.27389892242,-48.54807509393,1858.57007,1595.14331,2126.56982,8.640709417419433,-0.30302870410156224,0.002972,0.060152,0.004645
3.6062,138.20217594173,-48.55467489031,1429.90002,1165.29395,1870.82812,10.482903856994628,-1.179214904724121,0.003326,0.081481,0.013255
3.6748,138.19156694474,-48.44099216214,1023.05511,890.872559,1194.0968,10.178760259277343,-1.8730280451660155,0.003389,0.063414,0.012826
3.7172,138.28420878205,-48.44743038387,771.454285,765.357422,778.338135,4.223471909362793,-3.1905235849609372,0.002768,0.003018,0.003807
3.7294,138.18804396521,-48.44105757296,475.122162,456.362762,495.342438,9.033128390258788,-2.4299164101867676,0.002955,0.026704,0.007466
3.7428,138.30488445482,-48.46076007453,974.998047,868.876221,1117.54553,9.793021690856932,-1.5002349348449706,0.003271,0.099041,0.011357
3.9456,138.13384530902,-48.5170408881,692.576172,664.464844,716.018799,8.790374892333983,-2.2887320061035155,0.002981,0.016312,0.005471
3.9718,138.22091707812,-48.43113798589,1787.58643,1560.92322,2116.60571,9.214186702819823,-1.970929790527344,0.002989,0.037404,0.005802
3.9912,138.29406315684,-48.54750794347,522.216553,496.684235,556.706421,9.699235453124999,-1.9300166630249023,0.003288,0.046193,0.008961
4.091,138.2689284699,-48.43446670507,958.857056,915.679993,1009.37665,8.179091004028319,-2.1175656452636717,0.002837,0.011737,0.004656
4.1932,138.31826985993,-48.53380652339,567.250122,563.004883,571.374268,4.984674539672852,-3.65777135546875,0.00276,0.002852,0.003818
4.1995,138.19068551689,-48.56251691363,495.916138,451.497955,544.735657,10.920637952270507,-1.641765341430664,0.003538,0.093261,0.012574
4.2151,138.13335569753,-48.52823937045,771.067871,630.280579,979.798279,11.471939345581056,-1.9688900122680666,0.004377,0.10133,0.036583
4.2831,138.17476093917,-48.43526993659,1071.89075,1002.49695,1141.42761,8.337790519592286,-1.6493544749145506,0.002864,0.017023,0.004258
4.2855,138.33572029753,-48.49023078947,1639.39355,1328.27563,2119.45215,9.907672155090332,-1.3703704809265136,0.003325,0.067352,0.010722
4.2902,138.14514743743,-48.45172717668,5640.93994,4255.93213,6716.48193,11.856769055725099,-2.4907993607482912,0.00793,0.205483,0.055431
4.3123,138.33462886119,-48.48253531048,325.381317,314.596069,333.123749,8.8636533046875,-2.173361331817627,0.002972,0.038005,0.007148
4.3252,138.32845043733,-48.46881281465,328.091461,278.562988,411.869659,11.696713601501465,-2.033193248779297,0.007698,0.355826,0.060532
4.3465,138.12634939396,-48.52308306513,1548.95215,1323.49084,1834.04211,9.94744721008301,-1.654210852508545,0.003095,0.041861,0.007178
4.3952,138.3255540662,-48.46217979715,1804.25732,1621.60242,2046.2489,8.501651080505372,-0.6590313829956056,0.002917,0.042289,0.004713
4.4424,138.17113201192,-48.56071548358,641.871155,629.853455,655.552979,8.011387860778807,-2.8256616248474122,0.002787,0.004636,0.004419
4.5071,138.32309073524,-48.53853221544,348.963226,338.670441,359.638367,9.08972295562744,-1.7630360180358888,0.002998,0.032209,0.006656
4.5481,138.13675307853,-48.54250164884,638.083374,630.495056,646.30719,6.883976549499511,-3.2070324873046876,0.002813,0.003906,0.004143
4.581,138.17901944474,-48.42818985452,728.488647,716.961853,740.430908,6.921105089477539,-3.0219409799194334,0.002797,0.003889,0.003998
4.6504,138.16354621837,-48.43268385531,1762.34253,1701.36511,1847.04968,6.281841954711915,-1.8911401559448242,0.00279,0.004068,0.003853
4.6623,138.17665305065,-48.42744308779,1627.0531,1509.84229,1761.61816,7.824764201049806,-2.5264257564086914,0.00281,0.007072,0.004451
4.6895,138.21251810002,-48.57458873666,1838.0481,1534.32556,2219.72681,9.952183534240724,-0.8623987078247071,0.004101,0.068132,0.012037
4.7249,138.22373618453,-48.4184585034,1315.69824,1184.0614,1475.4613,8.87372275390625,-1.985925683380127,0.002898,0.028985,0.005727
4.7267,138.28041801675,-48.56801048306,366.898926,356.91861,379.566467,9.335961643493654,-1.5006536514282227,0.003059,0.035685,0.007473
4.7882,138.11686887524,-48.52722597973,2651.59009,2213.98608,3223.76465,9.916574164916991,-0.7102791871337892,0.003111,0.086635,0.00588
4.8132,138.29922158065,-48.43208381064,1709.78577,1471.90564,1993.46802,9.356076375732421,-1.7054166532897947,0.003017,0.041633,0.006912
4.8419,138.13195631652,-48.54641778586,536.466125,533.603271,539.20282,4.0125666791381835,-3.6653142682800293,0.002759,0.002842,0.003792
4.869,138.20396203038,-48.41763702867,1552.43347,1520.67871,1583.39648,5.538800836486816,-2.4946987492675783,0.002767,0.002978,0.003805
4.912,138.19116370569,-48.41910248416,645.266418,640.214233,651.90863,2.569687385314941,-3.792296416656494,0.002786,0.0029,0.003824
5.1373,138.34092104661,-48.5393480527,1636.95557,1500.75513,1873.16296,7.828821933410644,-0.7023409276123047,0.002888,0.024645,0.004383
5.1401,138.31900621589,-48.43604105839,1127.02271,993.638611,1279.31714,9.662668056762694,-1.9754563615722658,0.003127,0.038335,0.00715
5.1975,138.15740445491,-48.42445117686,1939.1167,1860.00305,2015.8623,6.050944296813965,-1.2053354513854981,0.002801,0.004148,0.003887
5.2486,138.32086962894,-48.43472060707,723.678833,703.745483,745.803833,8.020390187316895,-2.68748957901001,0.002836,0.00707,0.004447
5.3026,138.32265028426,-48.43462373772,2481.09521,2032.20728,3258.52734,9.165671069152832,-0.890046462371826,0.003112,0.060252,0.005435
5.308,138.23976921359,-48.58529418438,991.901367,841.303467,1208.28088,10.64864967791748,-1.4116650849609376,0.003419,0.074144,0.0142
5.3349,138.32273354353,-48.5604487525,1043.70508,895.964111,1186.21582,10.015729185729981,-0.33796888113403334,0.003326,0.121633,0.008319
5.335,138.2265139149,-48.40823861562,880.147949,749.469238,1040.17883,10.375022789062498,-1.7214401609191894,0.00354,0.08307,0.011583
5.3975,138.12398284128,-48.55464143217,2323.16528,1920.32397,2817.22778,9.607235257934569,-0.22642370086669938,0.003073,0.080252,0.005881
5.4342,138.15578397621,-48.42045946869,1327.43542,1198.52893,1437.73987,8.717023066223145,-2.051814314300537,0.002924,0.018897,0.007066
5.4385,138.11218496856,-48.54495543557,861.512207,785.121887,939.622192,10.34112100665283,-1.6489332556152343,0.003564,0.070086,0.011247
5.454,138.15811422633,-48.41912452015,649.12207,637.092468,665.854675,6.912574777099609,-3.2470530746765136,0.002777,0.00378,0.004089
5.4696,138.29646151954,-48.41792510718,704.658325,699.328003,709.861145,2.705286387939454,-3.7502645558776857,0.002765,0.002825,0.003788
5.4939,138.21959842796,-48.58852294193,2353.81494,1960.02502,2842.06934,9.286635030212402,-0.13008873501586926,0.003008,0.063865,0.004608
5.4949,138.09527021897,-48.521692447,1272.78455,1098.24695,1543.9574,10.506899242675782,-1.4332516445007326,0.00327,0.102536,0.009906
5.5386,138.17024527128,-48.4132930657,1198.01709,1014.73029,1433.39441,9.891843802856446,-2.1233348589172363,0.003194,0.055384,0.009117
5.5467,138.14936953819,-48.5733310712,713.535767,686.430847,737.137695,8.603905057678222,-1.5883461865234376,0.002913,0.016368,0.004951
5.5676,138.29491346298,-48.57883920392,1264.04553,1226.90515,1299.547,5.657715327697755,-0.780217472869873,0.002808,0.005157,0.003979
5.573,138.32684515288,-48.43103761318,1997.9613,1692.95996,2514.76318,8.93221312939453,-1.9248040528259276,0.002945,0.022714,0.005532
5.6286,138.21810935906,-48.59070628731,331.89856,320.670135,342.362061,10.19146256591797,-1.505946668334961,0.003112,0.078431,0.008083
5.6486,138.17293249089,-48.41050185754,554.884277,540.172058,568.662292,7.779913173339843,-2.9340388629760743,0.002807,0.008917,0.004591
5.6517,138.28326745689,-48.58406813483,1062.02673,1008.40454,1111.37378,8.441097016601564,-1.4794610409851074,0.002856,0.016978,0.004458
5.6786,138.18921669949,-48.58815569238,1002.91632,978.027527,1028.31738,7.797809932189942,-1.5476482964172362,0.002791,0.008662,0.003947
5.6956,138.21004936707,-48.59128762284,1849.66516,1549.98535,2268.9519,10.158513055725098,-1.0646996980285643,0.003068,0.05523,0.009407
5.7296,138.20308305023,-48.59115055404,4264.30615,3325.82764,5383.44092,9.238310934509279,-0.7694709350585938,0.002947,0.041024,0.005164
5.7654,138.09552756656,-48.53562593834,655.499634,614.674377,707.27533,10.02811715270996,-2.0486591358032227,0.003042,0.036294,0.008852
5.8351,138.28608715731,-48.40772240468,1311.15454,1094.32227,1671.59583,10.370432528259279,-1.7146678985290529,0.003512,0.074614,0.012251
5.8921,138.3428261469,-48.55964549137,402.291443,367.850891,434.791748,10.251386464965819,-1.5855963493652343,0.003384,0.110661,0.014399
5.913,138.276386873,-48.59044521569,335.58606,329.927948,342.702118,8.58178236895752,-2.2367439810791017,0.002829,0.013628,0.004507
5.9753,138.34992837555,-48.55584259588,1583.60803,1299.33374,1870.43628,9.613687864501951,-1.2434228309020998,0.003129,0.061278,0.010057
5.9984,138.35363485085,-48.4414190553,289.67334,277.025909,304.853333,10.011068039794921,-1.5958934685974122,0.003365,0.070424,0.008954
6.028,138.10927970014,-48.5593148775,831.099792,813.508362,845.209595,7.44496638067627,-1.9496779022827146,0.002781,0.006617,0.003988
6.047,138.38031280906,-48.50273404537,689.344604,630.522217,755.376282,9.920938389038085,-2.257881078125,0.003321,0.060549,0.015025
6.0591,138.18080633818,-48.40123253383,633.136047,623.917419,643.522156,6.623485003723145,-3.3763847033386227,0.002776,0.003873,0.003955
6.0791,138.0839767557,-48.53040397064,1249.68701,1100.02344,1440.04761,9.96497631866455,-1.60406079586792,0.003054,0.042998,0.007676
6.1226,138.17783366411,-48.40078263068,772.333496,758.668091,787.470459,6.91992523791504,-3.019301347442627,0.002776,0.003541,0.004069
6.128,138.13249583561,-48.57711190437,2894.97949,2407.69067,3679.88086,9.020783679260255,-0.2590842070617674,0.002918,0.054697,0.004562
6.1553,138.35892618351,-48.55243648372,577.893005,567.968384,590.557373,7.356416392211916,-3.1316477962646485,0.002787,0.004857,0.004348
6.2081,138.38208622325,-48.47879325728,1215.58093,1126.83911,1299.54077,8.08413200946045,-0.8623816665039064,0.002929,0.037446,0.004821
6.2158,138.2565472022,-48.3952386895,703.696777,698.883728,709.189819,4.488142942260742,-3.4271142213439942,0.002761,0.002845,0.003801
6.2358,138.16900004153,-48.59333460953,605.866577,601.603271,609.350586,4.961618393676758,-3.4690922356262206,0.00276,0.002829,0.003795
6.2441,138.10984047596,-48.56541758815,505.18576,502.714417,507.431305,4.670449764343262,-3.3781230122680665,0.00276,0.002833,0.003798
6.247,138.34375070572,-48.56793094152,495.864685,416.673004,606.405334,11.26028893597412,-1.7904201512145996,0.004688,0.159991,0.026675
6.2605,138.09829771263,-48.43849142598,665.162292,657.075867,672.758545,5.781167683959961,-3.6584468321228027,0.002769,0.003047,0.00386
6.2844,138.07039330112,-48.49805209422,582.504211,518.529602,677.159851,10.51497506262207,-1.8896352320861816,0.003529,0.081465,0.01546
6.3485,138.19172058699,-48.39418111635,481.385468,452.736938,507.277008,9.740994481872558,-1.878474116760254,0.003213,0.047551,0.008998
6.4265,138.0676959307,-48.50842528452,1176.03235,1050.03943,1359.30457,9.814286411926268,-1.7091269159851072,0.003098,0.047136,0.00802
6.4388,138.31448584038,-48.40626239555,785.128784,776.764221,794.031189,2.5516052426147464,-2.5610085040283206,0.002765,0.002844,0.003795
6.459,138.06601949378,-48.4990082786,1018.59821,897.8302,1182.02075,10.238336990112305,-1.5575023977966307,0.003251,0.071551,0.010923
6.5087,138.06676785798,-48.51424975262,523.665283,477.708099,571.004028,10.282624503601074,-1.9461767175292968,0.003215,0.046436,0.011491
6.5271,138.11315451516,-48.57464484307,1898.73547,1679.93396,2231.73218,9.585432905456543,-0.7979463600463865,0.002937,0.054361,0.005911
6.5393,138.22964897957,-48.38816005155,551.546265,547.973999,554.580261,5.25812279309082,-3.680910764312744,0.002797,0.003241,0.003953
6.5553,138.14343154606,-48.59078615302,623.831726,580.386169,683.005737,10.679430916931153,-1.3302373524780275,0.003386,0.075288,0.012016
6.5988,138.17560122841,-48.60141380786,1429.68506,1199.51514,1772.55859,10.4716082633667,-1.4096829163513185,0.003117,0.05848,0.010719
6.6018,138.07388407341,-48.53744682647,399.914062,394.358093,406.677216,7.974916557495117,-2.302709194091797,0.002804,0.008682,0.004093
6.6042,138.11348004114,-48.4177599015,705.536804,668.660278,749.465454,8.495236444274902,-0.8215497643127443,0.003294,0.051298,0.007688
6.6048,138.32449006033,-48.40736827119,1516.88342,1291.77563,1895.69971,9.624947330261229,-1.7099593228759766,0.003182,0.054371,0.009096
6.6158,138.38679320698,-48.53113894413,1298.31873,1136.5127,1484.63733,9.425043361938478,-0.60416194039917,0.003593,0.105572,0.006408
6.6236,138.35559988026,-48.42588937506,650.897156,606.229858,705.590332,9.8645599833374,-2.34753466519165,0.003223,0.043667,0.014314
6.7091,138.21415005645,-48.60856258917,450.201019,404.264008,484.561218,11.130622134094239,-1.3670375672912596,0.003666,0.092399,0.016025
6.7201,138.39167646812,-48.46819086967,961.51416,912.507507,1008.31287,6.494979683776856,-0.45393507525634735,0.002905,0.015704,0.004124
6.7716,138.32158663112,-48.59167154058,441.420441,411.392151,473.16452,10.338271483581543,-1.7131828501281738,0.003392,0.075614,0.010443
6.7723,138.15635551048,-48.39490544721,1474.32397,1265.19287,1707.51074,9.363966661804199,-2.185173606109619,0.00303,0.044634,0.007921
6.7773,138.35884515604,-48.42446878831,3227.60181,2588.54517,3913.55518,7.921165559692383,-0.2963592228698735,0.002963,0.031118,0.004282
6.7783,138.34400060413,-48.4141399197,845.490723,829.247742,862.39447,7.0414759310302735,-2.649357275817871,0.002779,0.004234,0.004027
6.8663,138.11618836688,-48.41023984312,773.709839,660.359497,901.077515,10.198815784301758,-1.825593565551758,0.003402,0.084904,0.012492
6.913,138.12074630819,-48.40674612336,927.502136,894.871216,953.890991,6.930759232055664,-2.0378181637268065,0.00287,0.006018,0.004261
6.9518,138.34323094275,-48.58460319443,507.129211,483.993805,532.71637,9.513216002197264,-2.253942407928467,0.002971,0.021327,0.008199
6.9542,138.34416708007,-48.410291604,1411.83826,1185.4939,1715.91504,9.879129657104492,-1.927694495025635,0.003232,0.064207,0.017964
7.091,138.35019363828,-48.41084563704,947.623779,862.197754,1035.41699,9.379871536987306,-1.8403457923583986,0.003036,0.048044,0.011327
7.0935,138.1465217528,-48.39215198087,1123.46045,950.368042,1308.86401,9.955863791625976,-1.887961010925293,0.003342,0.094224,0.013315
7.1524,138.2002449959,-48.37941730321,958.358704,786.589783,1165.69727,12.213915058105467,-2.548061863800049,0.016307,0.223877,0.101119
7.1917,138.29204031364,-48.38495278184,701.115417,673.558594,726.590149,8.483897782836912,-2.4500375295715333,0.002859,0.01265,0.005188
7.2063,138.24387188338,-48.37747713952,1997.34924,1732.39258,2302.45996,9.10001237701416,-1.87487861920166,0.002976,0.031089,0.005687
7.2247,138.22688372793,-48.37673837592,1444.53088,1379.59583,1525.90283,7.775331910400389,-2.379626734527588,0.002803,0.008257,0.004256
7.2959,138.4020683107,-48.45791263027,315.805542,311.739105,319.020966,7.622453135314942,-2.5453808397827147,0.002807,0.007395,0.004319
7.349,138.16395093579,-48.61194854139,2255.8396,2057.36011,2443.61548,8.383917711486816,-1.0892354538879396,0.002822,0.014235,0.004282
7.352,138.40590238349,-48.53173129235,633.956787,615.254639,656.398193,8.086559605346679,-2.7722613770751954,0.002823,0.00803,0.004855
7.359,138.26101264699,-48.37641247959,756.304626,677.814392,835.885986,10.053641464538575,-2.126187529876709,0.003236,0.05963,0.01143
7.3732,138.16693433955,-48.61309017392,1549.60156,1391.44312,1791.07263,9.72828250643921,-0.8482940248107909,0.002938,0.053703,0.006415
7.4129,138.39206414486,-48.43802416007,1026.49109,902.253784,1199.82336,9.677614012329101,-1.5681252939758301,0.003191,0.063669,0.008918
7.4288,138.36422618879,-48.41217054571,156.493622,156.161469,156.781433,1.4642733797607423,-3.7455214054260253,0.002762,0.002804,0.003783
7.4362,138.36680814985,-48.41383555622,151.148773,141.622635,164.124542,11.574785541748046,-4.015812931488037,0.006431,0.080728,0.075365
7.4385,138.16756677682,-48.61438866273,742.066956,715.218689,769.485168,8.82885288458252,-1.8131316380004883,0.002871,0.013712,0.0046
7.4667,138.33780183397,-48.59836875106,1135.98718,1033.44678,1267.22766,9.231419971130371,-1.3399635312194826,0.00296,0.039859,0.005624
7.4755,138.29647969881,-48.38101625731,2032.01074,1687.89197,2396.65088,9.291358604125975,-1.609792059906006,0.002995,0.036347,0.006606
7.4778,138.22443033167,-48.37254387036,1784.81091,1511.25781,2200.86963,9.614793981445313,-1.8653878460388182,0.003072,0.034984,0.007925
7.4818,138.34448502597,-48.3990358191,1830.38879,1511.06189,2342.56494,9.509621506347656,-2.076828063232422,0.003055,0.036484,0.007769
7.5248,138.29751286389,-48.6139317516,548.837402,482.426025,633.16925,10.894510094970702,-1.7162619408569335,0.003504,0.073608,0.015384
7.5351,138.1025806997,-48.59110177578,1975.49524,1640.3927,2399.32251,9.776437935668945,-1.1459530746154787,0.002936,0.044791,0.006447
7.5505,138.29294543603,-48.61552585232,2096.0752,1833.26343,2402.78223,9.470826767578124,-1.0445698104858399,0.002948,0.040652,0.005525
7.5972,138.36658355959,-48.58471461465,669.050537,616.71637,725.47168,9.981037793518066,-2.008705352416992,0.003147,0.055815,0.012245
7.6339,138.38136686412,-48.57418551888,563.625488,506.600769,619.645752,10.255072690246582,-1.4647597684020996,0.00353,0.086644,0.013206
7.6665,138.07158911532,-48.42294205224,512.984192,454.582947,575.268921,10.187853899963379,-1.0629810404052735,0.003817,0.30587,0.029783
7.6855,138.04838174458,-48.45070764157,2358.94922,1942.57715,2885.73071,8.932110533630372,-0.3847139066162111,0.003023,0.057833,0.00521
7.7172,138.20040374125,-48.3698792279,1483.99939,1379.45581,1594.87402,8.384393515625,-2.0889360640258787,0.002847,0.014636,0.005595
7.7182,138.26293040279,-48.6237425269,1498.8302,1327.15527,1669.99683,9.501484641784668,-1.5047918958129882,0.002894,0.032101,0.007067
7.719,138.20948890465,-48.36911204794,1464.42371,1418.56006,1502.54382,6.7769767625122075,-2.3617175715026857,0.002783,0.004448,0.00391
7.7226,138.39833339107,-48.43487593143,1623.69739,1433.85193,1849.40869,8.805543022460938,-1.3826219486389162,0.003004,0.03293,0.005872
7.796,138.03359137607,-48.48283475655,1669.02124,1334.5293,2042.70178,9.954125729187012,-1.7288934586181641,0.003129,0.05903,0.014056
7.8103,138.38934870475,-48.57193485984,909.200378,793.874878,1053.09131,10.057132233154295,-1.7165541925964356,0.003302,0.069616,0.010318
7.8244,138.42201269337,-48.52083442992,585.010864,515.891296,660.85907,10.242142532531737,-2.033175928955078,0.003671,0.075946,0.015822
7.8776,138.16455497023,-48.62144193354,533.763245,478.935425,601.240784,11.248550744659426,-1.3824279284973144,0.00371,0.073523,0.012883
7.8855,138.31017968606,-48.37742777171,1134.07397,976.401794,1346.04333,10.146448162719725,-0.6986164268798829,0.004026,0.116721,0.009331
7.8976,138.2212846364,-48.62868625735,453.480621,433.699219,473.797119,10.15746645980835,-1.7642126366577147,0.003038,0.044936,0.007888
7.9284,138.10652489918,-48.39264721319,472.815094,466.062347,480.075562,6.89289469165039,-2.8542449556884764,0.0029,0.005644,0.004599
8.0019,138.32462290972,-48.38003382247,1528.52234,1399.10291,1677.06934,8.844743042907716,-2.027986963623047,0.002881,0.014823,0.00527
8.0019,138.42669672077,-48.52029599599,711.389221,639.538757,822.086609,10.038398863830565,-2.010261277709961,0.003356,0.069678,0.013874
8.0053,138.12281555273,-48.38360869979,1291.85071,1217.33167,1387.89734,8.024781092956545,-2.4572190713195803,0.002839,0.009834,0.004792
8.008,138.26810843391,-48.62800669368,532.404114,462.371094,624.028198,11.38530283013916,-1.7058676800537111,0.003888,0.073903,0.022493
8.1112,138.32066025799,-48.61777047741,1270.05627,1158.07739,1397.41211,9.079990583618166,-1.9269287334594725,0.002867,0.019602,0.005164
8.1361,138.15333364992,-48.3710341922,2049.12329,1931.26355,2196.66626,7.588756151977538,-1.888190411529541,0.002806,0.00864,0.00414
8.1519,138.41924546277,-48.44756322499,2528.52368,2198.71313,2943.29175,8.460916415405272,-1.4165797156066895,0.002904,0.022915,0.004619
8.155,138.35778167747,-48.3917264248,2220.63354,1903.83337,2629.06372,9.373894185485838,-1.6608843267822264,0.003016,0.05013,0.006641
8.1886,138.16262400525,-48.62648309344,1009.03186,894.513794,1164.71643,10.540883928985597,-0.5285170581359862,0.003157,0.083627,0.007206
8.198,138.09722442164,-48.60260996305,1337.37695,1160.22522,1602.53845,10.712544016418455,-0.8524929700927735,0.003254,0.102442,0.00946
8.2741,138.20665354943,-48.3600035936,303.81012,294.616364,313.916229,9.256152465026855,-1.9407383625183106,0.002989,0.022432,0.006053
8.2866,138.25977781959,-48.36060840107,278.753357,269.633667,285.882172,9.635217673339845,-1.6589781654663085,0.003173,0.056149,0.00663
8.3591,138.17825017757,-48.36186686543,1223.85364,1109.45972,1392.89185,8.73247917163086,-1.9601190469665526,0.002897,0.023179,0.005399
8.3613,138.28433768434,-48.6315025681,2157.52881,1795.14307,2696.69995,9.996451472839354,,0.003167,,
8.4254,138.11538757181,-48.37843366051,2370.30322,2046.69739,2795.95142,8.628119866394044,-2.0164706351623534,0.002914,0.028854,0.006305
8.4413,138.017733911,-48.51454913324,476.898346,475.07016,479.231476,1.9249699876708988,-3.3693315898132323,0.002758,0.00281,0.003785
8.4714,138.38535143072,-48.40173108864,2056.28931,1987.40942,2113.91602,5.303481978271485,-1.4184703378601076,0.002774,0.003534,0.003811
8.4895,138.39417915974,-48.5864788643,528.129089,524.858337,531.046753,2.1754844838256844,-4.144312487121582,0.002763,0.002813,0.003786
8.5041,138.42640923155,-48.44364175415,2786.20776,2215.44263,3427.50659,8.852535388061522,-1.4337212028808595,0.002974,0.037995,0.005574
8.506,138.42744610859,-48.44527030784,1923.90637,1683.90137,2230.91675,8.872715574279784,-1.3961895466918945,0.003006,0.04566,0.004613
8.5236,138.39992144051,-48.58253728133,1235.68091,1039.89087,1551.4325,10.192383956481933,-1.3338640000000002,0.003334,0.122978,0.011233
8.5385,138.31451005654,-48.36679535124,422.614929,373.939423,479.137482,10.901959099548339,-1.791259293334961,0.004229,0.099457,0.018942
8.5431,138.44012137621,-48.4728636721,612.859131,544.422791,698.289734,10.381974869750977,-1.9682707514648436,0.003763,0.061462,0.014623
8.561,138.3301968284,-48.37144322149,2354.18457,1923.90308,3055.77661,9.34038264715576,-1.6771916129455566,0.00301,0.050187,0.007079
8.5961,138.01609944114,-48.47041258166,1045.13501,907.259705,1221.38708,10.230378424499513,-1.7494616612243652,0.003266,0.074914,0.01213
8.5996,138.43629643289,-48.45767939611,973.41095,885.546143,1063.18079,9.166857325988769,-1.1876909345703126,0.00303,0.065928,0.006284
8.6259,138.06900287519,-48.39976267316,1240.20129,983.668579,1558.86121,10.27306049017334,-1.455270944824219,0.003558,0.108425,0.013955
8.6455,138.34161762051,-48.62023994383,1390.172,1212.55017,1637.69055,10.493956877136231,-1.5516722546691892,0.00324,0.076743,0.011664
8.6909,138.439068935,-48.45858820463,238.785751,227.818329,251.121246,10.327637907043457,-1.5561313413391114,0.003705,0.107442,0.015451
8.7107,138.28162824119,-48.35632050954,2120.50952,1775.18518,2607.64673,9.06644754333496,-1.3662889062499999,0.002942,0.042008,0.006271
8.7234,138.33684563808,-48.62360421067,1576.1239,1351.23755,1991.45557,9.933102613586424,-1.3281776473999023,0.003014,0.046758,0.009017
8.7392,138.43478074166,-48.54753725924,2582.95093,2173.198,3076.13647,8.34205725982666,-0.4815418546447754,0.003013,0.046396,0.00485
8.7606,138.23451066911,-48.35119039158,770.259705,723.486633,815.477661,8.952676311706544,-2.127851670806885,0.002923,0.022887,0.006019
8.7677,138.02747223771,-48.55746113587,653.525085,624.574402,678.308289,8.783840616210938,-2.5355149361877443,0.002863,0.01332,0.006266
8.7701,138.35127232646,-48.37579832701,1211.44556,1106.6228,1318.98523,8.753502967224122,-2.010943821105957,0.002888,0.021597,0.00544
8.7792,138.00970562211,-48.47738898646,587.907959,530.231812,696.067993,10.886633585632325,-2.009233989654541,0.004134,0.119475,0.022184
8.7834,138.37507279502,-48.38774012551,530.59198,521.33551,539.935852,7.725369739562989,-3.153312750274658,0.002797,0.006652,0.004534
8.8138,138.12513038182,-48.62715702893,664.383362,649.72052,683.297424,8.663009712890624,-1.7227056866760253,0.002863,0.009239,0.004226
8.8356,138.10363333746,-48.61905069714,3134.90112,2503.72266,3941.5708,9.562698527618409,0.01822037814331079,0.002983,0.051716,0.004608
8.857,138.0360714743,-48.57173477401,1359.27368,1318.6825,1402.9104,6.846934751586915,-1.4067129927062987,0.002783,0.005701,0.00385
8.8778,138.24469639513,-48.34957577114,857.904846,828.667297,880.851685,7.545444708740234,-1.70225808493042,0.00282,0.009795,0.004034
8.8782,138.33454564674,-48.36699281633,1634.19897,1360.36487,2053.32837,9.753001202941896,-1.6727565755615235,0.003132,0.052607,0.008654
8.891,138.45180950284,-48.4902110044,1050.66809,908.889221,1296.10046,9.939296198730467,-1.3129380359497071,0.003371,0.097989,0.011716
8.9286,138.33029838241,-48.62981619143,820.38092,789.742188,855.70813,9.0911634720459,-1.9667666131591797,0.002853,0.016436,0.005498
8.9329,138.22930336415,-48.34826552196,1180.60132,1056.6416,1344.58264,9.245664123046875,-1.7401194984130859,0.002981,0.044209,0.006554
8.9408,138.02677137082,-48.43140708292,640.784424,632.179382,649.106934,6.477747989868163,-3.410290566558838,0.002777,0.003386,0.003958
8.9681,138.43329245963,-48.43475588099,78.8139191,77.8852234,79.9285736,10.163881391357421,-3.8090567985839843,0.003357,0.041453,0.037408
8.975,138.05826211541,-48.59553968101,632.104309,517.224976,767.893677,11.652674405944826,-1.751109772064209,0.004453,0.115301,0.023857
8.9989,138.31963629218,-48.63445287102,1637.50842,1533.21912,1767.72131,8.69784250946045,-1.4479022905578613,0.002826,0.013217,0.004304
9.0087,138.3379511007,-48.62864496711,1549.98108,1404.62415,1710.36169,9.36772873260498,-1.1689998129272463,0.002931,0.036957,0.005017
9.0165,138.17728894933,-48.350755784,1080.98828,996.507751,1170.32996,8.896070328002931,-1.864633861846924,0.002928,0.024204,0.006003
9.023,138.45084829697,-48.46742905231,1154.79187,1000.98743,1331.23059,9.659764641662598,-1.3716075842590332,0.003211,0.073868,0.009306
9.0355,138.17132180684,-48.35140419138,622.018188,617.811218,626.00946,4.6968048188476565,-3.792447810546875,0.002761,0.002896,0.003798
9.1475,138.19078849564,-48.34675001665,430.148407,416.584961,442.201965,8.782296505737303,-2.452909800079346,0.002899,0.016734,0.005574
9.1611,138.11847670456,-48.36302597834,474.170593,437.822998,510.288788,9.937353282836913,-2.0111942121887205,0.003385,0.073386,0.009434
9.1798,138.01697878468,-48.43593011647,2855.552,2408.86865,3484.17578,9.015966200927735,-0.7829666325683595,0.003007,0.044878,0.005079
9.194,138.3657021568,-48.37390500373,1194.03809,1067.01489,1397.8877,9.628598765869139,-1.8210552109680176,0.003237,0.058982,0.011971
9.214,138.08302490556,-48.37766992876,1425.23315,1313.29956,1579.31177,8.787543160461425,-2.381579540222168,0.0029,0.019198,0.006118
9.2358,138.31467637094,-48.64010956877,738.483032,648.125549,898.232056,11.51559558477783,-1.2377788060913084,0.004058,0.104519,0.02198
9.2888,138.29000629491,-48.64650462525,1501.41162,1281.84058,1736.83789,10.33870194204712,-1.3522753228149416,0.00305,0.05266,0.01131
9.3419,138.15549663288,-48.34916534353,1317.46838,1143.59668,1503.6449,9.279342840332031,-1.8802854676513672,0.003075,0.044238,0.007183
9.4199,138.4366720655,-48.57223436288,384.480347,370.97879,398.63089,9.38003280255127,-1.5590842087707522,0.003172,0.044239,0.006227
9.4209,138.00887554165,-48.43833775675,583.778931,491.327515,713.181152,11.025104337158204,-2.131773179321289,0.004088,0.097704,0.020228
9.4235,138.33911825107,-48.63608484885,983.817078,887.006836,1090.62659,10.324458208007812,-1.575517291381836,0.003127,0.055278,0.011222
9.4338,138.41695875847,-48.40181777621,604.977112,518.115479,701.516235,10.790524552185058,-1.809731446258545,0.004002,0.121577,0.014327
9.4926,138.06457550606,-48.61231983426,629.979858,626.309631,634.085388,3.778151516967773,-3.7356360002441407,0.002772,0.00297,0.003835
9.5166,138.37646411729,-48.37259280384,1525.953,1474.04065,1583.83789,6.4276267807617185,-1.3680164303894045,0.002788,0.005205,0.00386
9.517,138.46760854121,-48.5039622127,988.288147,854.96283,1185.34229,10.159360921325682,-1.4457494100341797,0.003418,0.101173,0.009354
9.5183,138.07677433387,-48.37450955274,2886.09277,2524.95947,3310.38745,7.995575075561522,-0.9747300307617186,0.00286,0.025586,0.004303
9.5635,138.01455354384,-48.57025315915,324.343048,317.545227,331.44809,8.778075473815917,-1.9744253968200685,0.002872,0.016065,0.004891
9.5694,138.43441229099,-48.4148079619,882.688232,867.367188,899.515686,4.176869557861329,-1.3743554474792479,0.002769,0.003185,0.00381
9.57,138.15710577009,-48.34483563334,630.579468,584.582642,686.030151,9.883885994567873,-2.1611685958251954,0.003307,0.070312,0.012244
9.5741,138.00763190046,-48.43371077605,1985.29907,1800.40259,2171.71387,8.406788116699218,-1.576759220062256,0.00289,0.01526,0.004851
9.5746,138.27706554355,-48.3408648864,667.852112,555.447937,797.12384,10.99103932446289,-2.220078398590088,0.004401,0.089834,0.024621
9.5955,138.04924337518,-48.6044012752,612.600159,561.839355,679.507812,10.528599581726073,-1.7952020267333983,0.00314,0.050787,0.013015
9.6379,138.32111625321,-48.64561381554,430.552124,390.641327,473.198547,11.789650245117187,-1.6126683855590822,0.004436,0.107906,0.02093
9.6421,138.22455841213,-48.33646480266,1789.01978,1615.55542,1950.22766,8.334522965637206,-2.17001268270874,0.002845,0.016934,0.004936
9.6501,138.45264518064,-48.55897740854,537.756042,515.639343,557.801514,9.152327814758301,-1.9699576039123534,0.002959,0.028112,0.006421
9.6755,138.06730619969,-48.37641952217,1869.4093,1624.42322,2229.7771,8.66163028479004,-1.764254485015869,0.002894,0.020177,0.005139
9.6966,138.45246561657,-48.43347453001,1661.1167,1417.03125,2097.02661,9.386489536865234,-1.2568652792053223,0.003162,0.05906,0.006638
9.7362,138.01381678559,-48.4192228557,501.119049,463.561676,538.287537,10.159785810180665,-1.8600867960205076,0.003289,0.05519,0.01002
9.7406,138.07884873825,-48.36868271951,1801.37268,1592.39124,2069.44922,8.790192136352537,-2.1120235794372557,0.002917,0.021896,0.006138
9.7565,138.32560844121,-48.64650509853,1937.16345,1682.41431,2376.10645,10.106223404968262,-1.2555013224487306,0.002979,0.038481,0.00614
9.7619,138.24638660139,-48.33488410004,715.136902,697.593872,733.708374,7.469383024902342,-2.870714218566895,0.002796,0.006468,0.004032
9.782,138.41373968728,-48.39003890198,1690.33923,1397.21741,2141.26294,9.758892894592286,-1.4715939811096193,0.003249,0.057132,0.009206
9.806,138.47474139932,-48.50601306608,1080.81812,902.430237,1331.52698,10.233957776855469,-1.6619809302368163,0.003479,0.108718,0.012746
9.8297,138.01521558185,-48.58025031564,395.749512,392.412567,398.780029,6.85242592376709,-2.9482284791870117,0.002768,0.003357,0.003923
9.8443,137.98143947673,-48.48611260742,813.367065,782.601501,851.48114,8.754156920166015,-1.7582582696533202,0.002888,0.019595,0.005372
9.8454,138.46311977761,-48.4450077831,915.710083,773.183533,1076.17383,10.000234196411132,-1.8770730022888182,0.003362,0.100339,0.011875
9.846,138.27090924608,-48.65882406139,733.92511,728.544312,739.425476,4.86054528918457,-1.856461789855957,0.002763,0.002952,0.003809
9.8542,138.38948608587,-48.37241295884,807.234009,799.105774,816.511414,4.272574301391602,-2.293885243560791,0.002764,0.002947,0.003795
9.8934,138.13906757709,-48.34329555173,1588.59241,1403.3645,1837.59094,8.731678600402834,-0.43293035293579063,0.003046,0.073067,0.004836
9.9203,138.02492756554,-48.40167838979,1193.14246,1128.23682,1263.64124,8.306872294311525,-1.977120317047119,0.002833,0.014471,0.004425
9.9213,138.46934135389,-48.54053502255,484.356415,465.766449,504.10318,8.931948916687013,-2.430663409637451,0.00291,0.015718,0.006168
9.9743,138.45562177485,-48.56789264913,3445.30029,2793.12988,4320.27783,7.8399950191040055,0.4290215783996585,0.003051,0.044437,0.004129
9.9851,138.43197265134,-48.59482321301,1175.05359,1013.37549,1412.22766,10.129613798950196,-1.7453893067321777,0.003179,0.046494,0.012531
10.0017,138.26210186035,-48.33195343386,304.493408,295.546295,314.743317,9.317256261169433,-1.7018113568725588,0.003102,0.050966,0.00731
10.026,138.23588601452,-48.66417367952,1884.58228,1587.81335,2405.61035,11.004044613647462,-1.1536392432861327,0.003187,0.063274,0.008469
10.0383,138.1641866405,-48.33536930651,1856.995,1725.18848,1982.17651,7.392237278137205,-2.141659742401123,0.002807,0.005904,0.004051
10.0852,138.01661569995,-48.40488121214,1173.19727,1101.05457,1291.67896,8.259693213500977,-2.038331408416748,0.002833,0.012907,0.004553
10.103,138.35195861759,-48.35005753404,1307.94055,1187.83887,1425.1051,9.033378524291994,-1.7912489959106446,0.003005,0.029611,0.006062
10.1273,138.02656439542,-48.39440382909,1235.51904,1144.05579,1382.32556,8.431142604125977,-1.8097666342773437,0.002883,0.018851,0.004862
10.1568,138.29491718346,-48.66061407378,709.586853,668.049866,745.719299,9.695363870361327,-1.6660180229797361,0.002915,0.017446,0.007209
10.1902,138.27208791109,-48.66450999365,1599.22583,1443.20679,1785.08337,9.648549322235109,-1.5474870281982422,0.002869,0.016206,0.00528
10.2106,138.45031235473,-48.41165320872,274.16391,261.780029,289.757843,10.431793627075194,-1.89276006048584,0.00351,0.070868,0.014888
10.2137,137.97595095897,-48.46608839518,421.55368,390.193115,444.269318,10.323621632385255,-1.9028433677978516,0.003298,0.066154,0.015842
10.2193,138.45855839077,-48.42148985524,1245.28882,1098.53931,1417.67346,9.590763131469725,-1.6578776445617676,0.003042,0.053977,0.009576
10.2375,138.28823015468,-48.33119764425,609.001953,598.121765,620.25531,7.1435297753906255,-3.19969483303833,0.002793,0.004972,0.004146
10.2612,138.24051735867,-48.66797831093,1298.17334,1209.0105,1402.55884,9.560454203399658,-1.1445038807067873,0.002839,0.015679,0.004508
10.2634,138.34447167085,-48.65000922224,414.811432,409.483948,420.561646,8.373181106597901,-2.3687348782348634,0.002789,0.005452,0.004123
10.2666,138.04443833611,-48.61733402677,945.925049,845.717407,1064.20056,10.255498028991699,-1.1631178434753418,0.003143,0.056356,0.006925
10.2863,138.26527798827,-48.3274585727,2050.06104,1887.42859,2212.72021,7.603513356933593,-2.1095235286865233,0.002822,0.009695,0.004168
10.3063,138.13723467924,-48.65796645375,212.517487,211.468323,213.520416,7.90596463748169,-1.8237300762176512,0.002789,0.004158,0.004124
10.3085,138.10840508887,-48.34492534996,703.714294,696.545044,711.215942,5.377614381042481,-3.1503278332824705,0.002765,0.003049,0.00384
10.3373,138.48275214532,-48.53328133615,493.961243,431.616455,568.345215,10.721276945068361,-1.6738515438842771,0.004029,0.104149,0.021186
10.3378,138.47359119371,-48.55483304222,317.585693,316.467804,318.756622,4.653974131408692,-3.461107354522705,0.002758,0.002852,0.003793
10.3423,138.10135192826,-48.34682132993,385.954407,363.015503,413.501312,9.865819320251465,-2.084700284606934,0.003382,0.065079,0.010291
10.4158,138.18767514013,-48.32567151109,931.916809,827.085876,1059.93201,9.906501124450685,-1.6789625212402344,0.00325,0.077904,0.011914
10.4203,138.14906676476,-48.66268718597,1544.02527,1483.61853,1605.58301,7.8243387995910645,-0.9699832641754149,0.002786,0.004638,0.003874
10.4396,137.99552909371,-48.41706088026,428.487793,424.569824,432.849121,6.917985616882325,-3.0544806232299804,0.00277,0.003584,0.003925
10.4919,138.03533000804,-48.61647438276,682.673401,643.448425,734.989014,10.338519741088867,-1.9138970028381346,0.003125,0.03768,0.009012
10.4923,138.44559505833,-48.59672100815,1496.52917,1437.09106,1556.32703,7.018539929260253,-1.730615282196045,0.002793,0.00695,0.003925
10.5247,138.19212602001,-48.32339903301,2864.01538,2263.54834,3695.34521,9.222477739868165,-0.9382524004211428,0.003078,0.066783,0.006274
10.535,138.46159117628,-48.58081752477,1677.78821,1621.81628,1744.34766,6.783587243347167,-1.843030019165039,0.00278,0.004089,0.003909
10.5363,138.04015504384,-48.373732912,533.807556,488.96405,581.132385,9.921488240844727,-2.1640351674194336,0.00315,0.052052,0.008698
10.552,138.4826716207,-48.44693276197,1303.66028,1177.12549,1535.50854,9.357442628906249,-1.8672118870849608,0.002999,0.037029,0.006821
10.5653,138.17300712376,-48.66937177398,955.467407,934.174438,975.574768,7.726823354675293,-1.8781011897735596,0.002769,0.00367,0.003919
10.5687,138.32255288539,-48.33244649855,1050.6626,874.75061,1368.30994,10.564546803466797,-1.923774779083252,0.003855,0.093455,0.01377
10.57,138.00707275975,-48.39981303713,1796.06946,1589.86267,2029.71167,8.80726661328125,-1.8013209368591308,0.002912,0.022403,0.006145
10.5768,138.22201053445,-48.3209176379,1161.88135,1113.76636,1213.39185,7.755160846252441,-2.25406594140625,0.002818,0.009029,0.004144
10.5817,137.98230486724,-48.43033304163,715.47876,599.843079,864.358887,10.958866559082033,-1.8259441382446289,0.003963,0.074483,0.013662
10.5952,138.48153766897,-48.44213943279,1186.28455,1122.83545,1265.93201,8.105421319885252,-1.9943006725158692,0.002828,0.012275,0.004406
10.6113,138.42035900856,-48.6202086626,940.872986,886.071716,1002.88422,9.211454366699218,-1.8244449762878419,0.002926,0.023474,0.005956
10.616,138.46405830009,-48.41414159852,321.643646,314.364532,328.802307,9.114230817382811,-2.154404005126953,0.002922,0.03315,0.005541
10.6183,138.40593029565,-48.62952117983,2841.41479,2476.59204,3248.54321,5.650128557678222,2.411471444061279,0.00464,0.02458,0.011553
10.7153,138.25613427414,-48.67479185392,5391.28174,4308.60547,6904.74316,8.854707134826661,-0.17049214282226544,0.002856,0.017853,0.004095
10.8168,137.97430165753,-48.56175430101,257.965363,245.598709,272.225342,10.647375978942872,-1.8518892042541504,0.003757,0.09992,0.014948
10.8411,137.97086057596,-48.4381763798,650.648376,644.041992,657.793274,6.325102678527832,-3.4030790720520017,0.002764,0.003022,0.003872
10.8676,137.96069081859,-48.46105794045,1601.37659,1506.43567,1698.32385,7.899688673095703,-1.8695489383850097,0.002846,0.0103,0.004155
10.9085,138.01125118558,-48.38626856385,1775.96289,1522.81165,2080.01709,9.370893149414062,-1.7906417408752442,0.002983,0.039032,0.006448
10.9134,138.32906332272,-48.32795966247,1530.92993,1423.55444,1663.29163,7.956122301635741,-2.148080552459717,0.002834,0.011758,0.004238
10.9701,138.2783762409,-48.31733889564,75.3862534,74.8670883,75.8840942,8.803930333740233,-1.0284445787353516,0.003008,0.045832,0.005354
10.9746,138.21482038971,-48.67983285869,528.579102,471.581604,615.095459,12.266291637298583,-1.239101326385498,0.004109,0.094301,0.018905
11.0013,138.40238359801,-48.35467843663,568.207275,563.33313,573.263367,5.640613307189941,-3.565009824859619,0.002782,0.00325,0.003943
11.0025,138.3555515481,-48.33432683944,1537.39368,1341.84729,1841.90601,9.230190956115724,-1.7250567531433108,0.003048,0.045909,0.006786
11.048,138.23700419623,-48.31309920214,1396.5647,1302.078,1478.22253,7.905183518066405,-2.392942857116699,0.002824,0.009621,0.004625
11.0538,138.08999385973,-48.33746918843,1997.24768,1744.27905,2378.89551,8.772359353637697,-2.0833587024230957,0.002986,0.023147,0.005832
11.061,137.96782434523,-48.43295769827,975.042542,866.015503,1141.34521,10.174496181152342,-1.8159209244995118,0.003231,0.092075,0.012028
11.0856,137.9805185384,-48.41288963396,1419.54016,1159.3302,1821.11792,10.544259562133789,-1.7456842614135741,0.003509,0.10054,0.013362
11.0887,138.39267465709,-48.64663511558,812.067505,799.278442,824.596375,6.8796038082275395,-1.816905696014404,0.002775,0.00349,0.003839
11.0986,138.1802938685,-48.67935959146,1347.37134,1253.03003,1435.88696,9.780619132873536,-1.5141744820098877,0.002835,0.012032,0.004858
11.1068,138.14990320579,-48.31952765959,2151.44287,1797.73364,2872.29932,9.111444603759765,-1.7918322386779786,0.002997,0.043746,0.006818
11.1137,138.41348355334,-48.35845854871,881.896118,803.488281,977.812988,9.59917548284912,-1.855794268890381,0.003176,0.068605,0.008082
11.1145,138.12810690482,-48.32429339404,900.584106,875.872192,932.284973,7.1934787606811526,-2.195114960571289,0.002802,0.007137,0.003958
11.1403,138.28331095302,-48.31508047241,1981.0752,1754.823,2255.93701,8.334124942626953,-2.216127310272217,0.002846,0.018685,0.005125
11.1605,138.25219510452,-48.68248909457,2080.66089,1994.53247,2162.61182,8.162585771179199,-0.6653973180084227,0.002793,0.005751,0.003969
11.1643,137.97326930296,-48.4197807248,1085.54321,909.231628,1316.60107,10.3927881529541,-1.7139527421874998,0.00334,0.11583,0.015273
11.1651,138.36618540459,-48.65939175016,1834.54602,1670.93396,1993.02112,9.475397860717774,-1.305950708404541,0.00292,0.022589,0.005437
11.1909,138.26178847462,-48.68235171837,2321.48096,1891.65479,2912.15039,10.824954432586669,-0.9996939871063231,0.003102,0.06627,0.007993
11.1931,138.10918138858,-48.32822373105,2361.82227,1960.90027,2966.62842,9.36591502709961,-2.1493904415893557,0.003077,0.035113,0.007657
11.1932,137.96065290783,-48.43991466013,1458.47729,1381.81665,1566.66528,8.021344661071776,-2.0708740695495607,0.002821,0.009105,0.00453
11.1949,138.50468151736,-48.46132926161,1813.85315,1676.07166,1995.65894,8.554815421020507,-1.5226183086547853,0.002877,0.02129,0.004591
11.2008,138.13118535054,-48.32198490581,619.523499,543.211548,747.441772,10.468451533752443,-1.8322169486389162,0.003809,0.081295,0.017519
11.2169,138.13187097063,-48.67283836812,2764.32104,2380.34644,3382.93677,10.08383620477295,-0.5405954118499756,0.002939,0.035102,0.004776
11.2392,137.94667765253,-48.51249345125,440.27356,423.171234,459.046844,9.261299560058593,-2.101745752319336,0.002977,0.032996,0.006846
11.2462,138.08123696808,-48.33718833441,1089.4884,986.784607,1186.98315,9.01320885913086,-2.3643496285705567,0.002956,0.033665,0.006757
11.2665,138.02056490513,-48.36972785548,2034.96777,1684.5885,2483.96313,9.221730799560547,-0.5181350987548825,0.003132,0.078309,0.006204
11.2682,138.43432708199,-48.62639419105,1520.12952,1369.89954,1689.57214,8.87488836578369,-1.7058618679199218,0.002867,0.019648,0.005362
11.2812,137.99447954623,-48.39101596449,484.654846,446.979553,534.34436,10.512812897766114,-1.6802918479919433,0.0037,0.109787,0.015335
11.3123,138.48550917766,-48.57824035746,908.638062,826.600037,1005.14233,9.357230258239746,-1.7254315666809084,0.002946,0.040508,0.005853
11.3394,138.36231544821,-48.330344484,412.050903,410.054901,413.453796,3.9972397131958015,-3.817500230926514,0.00276,0.002843,0.003795
11.3721,137.95551421802,-48.44078716421,2010.77856,1725.80664,2350.79492,9.140474372924803,-1.711241838195801,0.002911,0.026646,0.007006
11.3969,138.40246566787,-48.64821734854,976.36969,831.654236,1152.42334,11.00998621459961,-1.6444008108825683,0.003529,0.083022,0.010745
11.4258,138.49515394594,-48.42654063044,1748.71399,1693.68347,1843.04749,5.508103936889649,-0.907189213256836,0.0028,0.005732,0.003901
11.4301,138.37418156764,-48.33302744373,1151.43579,1019.75519,1320.75305,9.55666473956299,-1.7390406378479004,0.003085,0.056918,0.009791
11.4304,138.01972356187,-48.36632911886,716.838135,696.603027,736.287415,7.447604011047364,-2.848454409881592,0.002786,0.005585,0.004142
11.4446,138.15238184687,-48.3132079169,609.540955,514.853943,727.912354,10.61287892248535,-1.8811259603271484,0.003921,0.142948,0.026424
11.4605,138.032876365,-48.63762745272,968.270081,890.808105,1046.90942,10.287845971801758,-0.9512546373596193,0.003042,0.093826,0.010557
11.4997,138.3921288479,-48.33924298273,736.786377,731.940002,742.948059,3.1489693338012703,-3.7824021968688966,0.00276,0.002818,0.003793
11.4999,138.49997118059,-48.43141818628,843.578674,690.817078,1014.57861,10.611119512512207,-2.1266042864074706,0.003517,0.060663,0.012038
11.5002,138.14793746939,-48.31307778337,992.402527,951.604004,1045.28113,7.9198972766113265,-1.9859954014892578,0.002908,0.012838,0.004989
11.5026,138.02327700104,-48.63248781157,593.491577,587.371216,598.578247,6.873795579406739,-3.09523289553833,0.002769,0.003162,0.003886
11.5056,138.4134638818,-48.34984698354,1315.77014,1149.0813,1537.14014,9.32284671307373,-1.4418625996398924,0.00308,0.071592,0.00864
11.5169,137.9587955863,-48.5675684679,681.345398,648.481934,707.138489,8.95329213543701,-2.4864020760498047,0.003288,0.022149,0.009546
11.5303,138.45507517354,-48.37746265148,833.295105,743.700623,926.673706,9.936893607543944,-1.9992188918762208,0.003207,0.058612,0.009984
11.5467,138.06978060033,-48.33607128788,1986.724,1725.69214,2254.49634,8.36134990789795,-2.361218980316162,0.002853,0.014048,0.005176
11.5625,138.12027199989,-48.67607598947,982.541443,913.650085,1047.32227,10.05910311502075,-1.2603748306427,0.002901,0.021392,0.005133
11.5642,138.33357466853,-48.67690006393,1397.90698,1177.21069,1686.85254,10.977444051879882,-1.2431360912475586,0.003173,0.065692,0.012487
11.5795,137.98897424738,-48.60722710399,566.986572,537.600159,597.857788,9.574937402832031,-2.3414954778137207,0.003034,0.026458,0.007386
11.5994,138.52013606147,-48.49381430228,692.749451,673.090759,716.24054,8.25773345513916,-1.780674636627197,0.002884,0.017165,0.004661
11.6174,138.50592590772,-48.43680850167,1106.91785,1017.42346,1249.62195,9.339443449829101,-1.9065771491394043,0.003006,0.031033,0.007456
11.6226,137.9618057358,-48.41806146714,1452.41211,1192.28406,1753.64771,10.08745392944336,-1.552420562225342,0.00324,0.089942,0.011703
11.656,137.93896555127,-48.4668197855,1248.38708,1139.48792,1385.60498,9.158127156494139,-1.6696072054443358,0.002983,0.034747,0.005519
11.6607,138.08963826775,-48.32602990622,815.587402,696.830627,997.070618,10.472645983886718,-2.2135901316833495,0.003918,0.079193,0.017926
11.6813,138.40055205314,-48.65506176458,854.284851,792.704224,924.252441,9.784281384704588,-1.5997668180541993,0.002957,0.031361,0.006817
11.6966,138.19596724329,-48.30339924564,858.177368,800.381653,907.457336,8.892276739624023,-2.465399779144287,0.002926,0.024286,0.007213
11.7231,138.45114038824,-48.36930219525,995.490723,956.917236,1027.0426,7.569322950561524,-1.8037916749877931,0.002836,0.009163,0.004121
11.7235,138.22765492861,-48.69253681407,1969.70789,1802.35486,2186.19141,9.856330200195313,-1.4689792010803222,0.002836,0.009365,0.004601
11.7271,138.21486869232,-48.69239125226,2608.74146,2471.50049,2762.81641,7.388045650482178,0.12620344740295408,0.002808,0.005877,0.003906
11.7285,138.10009410896,-48.32121739232,476.308685,416.131042,550.982422,10.784955487548828,-2.1175382824401856,0.004395,0.123233,0.021
11.7286,138.46382379251,-48.61521503062,1736.57178,1474.54529,2053.08301,9.898598099243163,-1.6948104787292482,0.003093,0.040948,0.010149
11.7384,138.40788571012,-48.34192542763,793.469666,775.643188,811.753235,7.121794000793457,-2.9655683089904787,0.002785,0.004303,0.00412
11.7457,138.48234985191,-48.39734836517,506.884766,434.115601,673.737488,11.338743869567871,-1.9216500913085937,0.004641,0.15842,0.029171
11.7569,137.94875188605,-48.43389323948,880.550903,845.116821,914.008728,8.063597998962404,-2.0172360865478516,0.002817,0.009483,0.004408
11.7646,138.49017544478,-48.40597498914,1749.15405,1603.10242,1900.12549,8.108356235595704,-1.3848906724853514,0.002834,0.017106,0.00425
11.7732,138.31048835281,-48.30863627888,2776.4873,2208.0354,3529.68457,9.344260656066893,-1.3480784793090819,0.003097,0.056718,0.007173
11.8002,138.23886992296,-48.69369560128,2212.5249,1842.24597,2921.17334,10.884075595581056,-1.3213806942138673,0.00296,0.030933,0.008307
11.8127,138.21750722749,-48.69389090997,777.129639,746.147949,815.970642,10.35451371902466,-1.5791256863708498,0.002896,0.012782,0.005459
11.8162,138.45073228879,-48.36663919327,1481.03772,1315.55298,1732.66187,8.774352077819824,-1.848786296722412,0.002904,0.022649,0.005735
11.8179,138.26275383921,-48.69279919113,543.940552,507.441101,588.409546,11.489497082977294,-1.2088861762237548,0.003309,0.044627,0.012106
11.827,138.18108772112,-48.69175743631,2966.36597,2428.8999,3752.89404,11.009555131042479,-1.1003490574645998,0.003002,0.039637,0.006462
11.8586,138.1635035578,-48.30426341505,1749.95886,1595.27466,1990.41443,8.411157296142576,-2.2099812262878418,0.002863,0.016673,0.005661
11.8757,138.51486901758,-48.55364640066,336.858398,330.144135,342.124664,8.426691047729491,-2.3103874076843263,0.00284,0.01023,0.004554
11.8782,138.12826401784,-48.31068288362,1716.74194,1526.00781,1972.61975,8.76605406689453,-1.9881477707824708,0.002903,0.02481,0.005629
11.8843,138.52064535322,-48.53924655229,693.299988,656.568298,741.18927,9.643681986938475,-1.8517949565429688,0.025721,0.090388,0.079477
11.9081,138.4394471687,-48.63819391735,331.245605,317.273956,349.770569,10.83130357220459,-3.999300948425293,0.003419,0.021406,0.066877
11.9504,138.0161785203,-48.35633082616,1713.30945,1603.94189,1824.8927,7.738264978027345,-2.269823798400879,0.002814,0.007533,0.004475
11.9547,138.46295908533,-48.37268584799,1471.99622,1438.67065,1505.67651,5.808250654785157,-1.5251557076416016,0.002794,0.003624,0.003848
11.9754,138.04324227986,-48.65469111974,645.137512,640.490662,649.916382,4.875795666931152,-3.4244056054382326,0.00276,0.002862,0.003795
11.9764,138.08964049182,-48.3200793483,825.400574,776.562927,890.238953,9.113173950866699,-2.1770731457824706,0.003009,0.027018,0.008042
11.9783,138.39101594734,-48.6653398568,758.812866,744.204041,774.045593,7.514380570129395,-2.6152457972106933,0.002787,0.004479,0.004244
11.985,138.44889906266,-48.63359142628,538.89325,536.01416,541.432312,4.657722041198731,-3.6165010443725585,0.002761,0.002843,0.003793
11.9966,138.02720186593,-48.34834838452,1675.06982,1523.26147,1859.97717,8.501516719848635,-1.9927744809875487,0.002863,0.012902,0.004743
11.9976,138.5173224423,-48.43970304706,1984.75439,1853.73889,2120.70239,6.987589257019042,-0.33943774206542976,0.002898,0.013977,0.004058
12.0007,137.99186517032,-48.37318370173,869.304565,846.750244,887.415894,7.130031952026368,-2.4689696746520995,0.002786,0.004393,0.003986
12.0063,138.13064734091,-48.68650620996,1930.23181,1532.11987,2428.28613,11.501564188018797,-0.9715869844207763,0.003254,0.054949,0.011178
12.0077,138.05012228934,-48.33576678879,1269.82251,1054.93628,1597.79431,9.892798623596192,-2.1120548260498047,0.003266,0.070507,0.012521
12.0084,138.11558798985,-48.3115590755,796.853699,709.312195,902.098755,10.011978473388673,-2.3435985475463865,0.003339,0.049594,0.011503
12.0151,137.9381003508,-48.4419924475,929.864197,871.074341,1012.55585,9.397604562988281,-1.7327696847229004,0.003012,0.04287,0.0077
12.0456,138.45054658836,-48.63390340646,6640.40723,4446.27148,7560.23047,12.187085807006834,-3.3703484002685546,0.011285,0.172227,0.082134
12.0468,138.29485318918,-48.69306329974,1641.07312,1346.62512,2012.85474,11.36644686630249,-1.4219201606140137,0.003306,0.047135,0.011558
12.0569,137.98019156116,-48.38201447808,476.394806,465.393311,488.100372,8.164557921325684,-2.5571291274414065,0.002818,0.012262,0.004458
12.0627,138.22932687996,-48.69818992656,1104.901,1079.47205,1130.12,8.229555133453369,-1.299948902633667,0.002778,0.004151,0.003853
12.0638,137.96106071413,-48.40242037615,1845.69263,1528.17639,2221.99683,9.934583682617188,-1.736538196044922,0.003147,0.049651,0.009029
12.0663,137.93023202256,-48.46023228925,2078.07446,1915.49939,2311.75854,8.062748147460937,-1.4159162672729493,0.002815,0.01295,0.004256
12.0741,138.51941578941,-48.43989631687,3038.97681,2615.53101,3731.69092,8.529859906127928,-0.674933801635742,0.002962,0.039229,0.00455
12.0773,138.39827393318,-48.66416273842,2819.61572,2369.04883,3507.07056,9.7753775987854,-1.1375154927978515,0.002949,0.02853,0.005973
12.0823,138.25819154214,-48.29674449215,1586.63757,1474.14294,1688.22095,7.632561246276854,-2.3657372861938475,0.002804,0.009902,0.004423
12.0903,138.50127592128,-48.40847892427,2106.21387,1785.03748,2672.896,9.6850365758667,-1.526431371887207,0.003089,0.052503,0.007707
12.0946,138.21446665183,-48.29578325375,1531.69604,1223.34717,1983.86951,9.978384811096191,-2.0076608894958494,0.003277,0.064918,0.012061
12.0972,138.47485387146,-48.37912919979,1374.50745,1288.53601,1470.80249,8.331799286804198,-1.9921801966247559,0.002865,0.012935,0.004564
12.122,138.30068981341,-48.30088841569,1108.28198,1008.17743,1287.83105,9.57525749432373,-2.2437185745239256,0.003103,0.037559,0.010432
12.1249,138.53096788202,-48.52304421413,482.522369,456.518524,509.724457,10.052675495910645,-1.4906595790710448,0.003268,0.061031,0.011355
12.1679,138.06006104604,-48.66660826793,1227.35645,1180.5957,1287.85559,8.922219411315918,-1.3564955116271973,0.002814,0.007679,0.004421
12.1705,138.4864815759,-48.60655924832,3012.95557,2540.56055,3616.69214,8.331577534179686,-0.7058101566162112,0.00288,0.01751,0.004198
12.1798,138.50552097149,-48.41088809244,1084.42383,1027.53809,1136.7406,8.329082619628906,-1.8501494912719725,0.002876,0.015013,0.00431
12.1851,138.49037174118,-48.60288880879,1181.23694,1011.6488,1416.00537,10.089658580932618,-1.8289643041992187,0.003112,0.044545,0.007831
12.1931,138.47076345785,-48.62195791252,1530.16931,1408.98828,1735.99524,8.616309007019044,-1.7628085238952638,0.002833,0.016342,0.004905
12.1948,138.30067523864,-48.2996375209,1744.2627,1698.98706,1790.18909,6.018446497375487,-2.4094961233215333,0.002777,0.00365,0.003853
12.227,138.48965836796,-48.38989280372,1809.03589,1558.32874,2107.4187,9.33924911956787,-1.7417872425537109,0.003114,0.043183,0.010155
12.2407,137.99746562282,-48.36249696452,4354.67969,3696.20679,5207.36328,7.469510605773927,-0.44112406271362303,0.002869,0.028296,0.004017
12.2556,137.93654268922,-48.4318987494,1198.87622,1082.5354,1345.15588,9.41651050518799,-1.9116088716430664,0.002965,0.032791,0.006204
12.268,138.39422128136,-48.66971590016,839.118408,773.989075,912.473816,10.306123779571532,-1.7552961128540039,0.003003,0.026402,0.007101
12.3043,138.18648243372,-48.70033068897,1189.61426,968.814819,1519.89075,12.064376114349365,-0.7287268303985597,0.003562,0.089999,0.012393
12.3062,138.34577403084,-48.30740747903,1007.53149,807.732605,1191.57959,10.511080913146973,-1.6651265058593752,0.003864,0.096978,0.019534
12.3141,137.93204450946,-48.43800526566,213.670044,210.365067,215.959595,8.788007125854492,-1.69904560446167,0.002884,0.01911,0.004888
12.3391,138.33645426863,-48.68999133535,1080.12195,1018.61938,1149.94434,9.800143638916015,-1.5954474717712404,0.002857,0.01596,0.005722
12.3587,138.46183061096,-48.63343317226,1605.12085,1435.62146,1827.21655,9.456298626403807,-2.065127290802002,0.002914,0.022298,0.007707
12.3635,138.36124150052,-48.68354603396,1542.08313,1285.29736,1806.23352,11.000316878967286,-1.407600382232666,0.00316,0.052234,0.010937
12.3651,138.13607716778,-48.30039770666,1160.45496,1045.12708,1324.21985,9.003449912597656,-2.0118650244750977,0.00299,0.026204,0.005647
12.3853,138.22451748349,-48.29074000934,691.846008,685.878784,699.90979,2.76158027734375,-3.9987409678344727,0.002768,0.002843,0.003789
12.39,138.27199864523,-48.70162660632,910.445862,869.939148,948.825012,10.045174523742677,-1.443762382507324,0.002854,0.014241,0.004818
12.403,138.24774899913,-48.70346850962,2070.68579,1760.02429,2738.25806,10.852098920043947,-1.1499099682922362,0.002978,0.029027,0.007958
12.4161,138.37890788688,-48.31591152172,2282.51514,1855.95935,2836.26978,8.84533726574707,-0.2382878878784176,0.003245,0.082623,0.004717
12.4189,138.51840945336,-48.57446629249,562.259094,519.832947,613.513611,10.43780301208496,-2.030440246246338,0.003352,0.050296,0.01828
12.4492,138.45472048621,-48.35394957566,650.477417,554.148132,812.090454,11.234675961059569,-2.232939382263184,0.004623,0.09926,0.028452
12.4531,137.91994269849,-48.46171479504,1731.83521,1662.48462,1800.42456,7.188074209533692,-1.140716109954834,0.002789,0.008642,0.003969
12.4593,138.07812361687,-48.31504208065,534.999634,530.856323,539.319824,5.446139480407714,-3.6099388865356445,0.002889,0.004288,0.004813
12.464,138.21962914496,-48.28949518514,1307.58606,1183.27209,1436.94031,8.915998632080079,-2.074975508514404,0.002923,0.032887,0.006028
12.4686,138.41819529082,-48.66275720351,1121.99353,935.840088,1457.08691,11.093581613830565,-1.5423866116638183,0.003592,0.064995,0.014434
12.4734,138.20349885289,-48.70437970887,959.376831,869.838806,1076.87146,11.353690643432618,-1.2876965425720215,0.003079,0.040118,0.012694
12.4821,138.28197851297,-48.70214618007,2000.64233,1699.61169,2377.46411,11.10734317541504,-1.1189612763671875,0.003022,0.031238,0.007327
12.4903,138.42797769883,-48.65810931502,470.316498,438.833466,504.047485,10.715236801391601,-1.5396657857971192,0.003296,0.076032,0.014956
12.4981,137.94235114392,-48.41120018382,1307.04565,1057.1012,1621.56287,10.639852807617189,-1.252346499786377,0.003499,0.106473,0.012486
12.5033,138.36256685231,-48.68570959422,1950.99194,1624.11658,2383.41772,10.468707089782715,-1.472249878173828,0.002983,0.034604,0.00769
12.5075,138.34415540494,-48.30335856895,2337.61255,1897.42883,2852.90186,8.0626156272583,0.35440270498657256,0.00305,0.104662,0.004504
12.5173,138.28224227487,-48.29160411408,2159.40649,1842.29675,2596.99976,9.038327509826662,-2.1534113190917967,0.002961,0.031609,0.006205
12.5217,138.47474714147,-48.62746964946,2051.23096,1711.14624,2485.03882,9.90661257788086,-1.7372379859619143,0.003026,0.043295,0.008575
12.5393,138.08240732206,-48.68247015597,901.327576,802.157104,1028.93811,11.609621414916994,-1.207511974472046,0.003405,0.1079,0.014635
12.5559,137.96758143471,-48.37950334446,1557.23718,1368.34155,1806.58484,9.332305622680664,-1.91500304006958,0.005377,0.026933,0.013838
12.5593,138.07559224436,-48.68042923619,1381.84424,1326.05164,1446.72144,8.339848515838623,-1.9932221214904786,0.002776,0.003921,0.003889
12.5687,138.03256189891,-48.66172517416,717.859619,662.915894,777.838623,11.038386213531496,-1.2994733560180665,0.003196,0.056723,0.009626
12.569,138.3280530662,-48.69600274365,640.226196,626.681946,655.162659,9.038249194763182,-2.1878115599670407,0.002793,0.00548,0.004287
12.5712,138.30378593009,-48.70065561694,1998.30225,1724.10229,2566.30762,10.782909874023439,-0.8060956569061277,0.002977,0.039073,0.006212
12.5814,137.96580032547,-48.38049038564,1518.54248,1419.28931,1643.37891,8.528627143249512,-1.796754660736084,0.00286,0.012928,0.004665
12.5907,138.51313271236,-48.58940331527,2454.00317,2241.9043,2663.23267,8.023599185668946,-1.6349066217041015,0.002827,0.01271,0.004454
12.6015,138.44471332168,-48.34381285186,1290.63672,1147.3573,1461.0542,9.305029189086913,-1.818098080078125,0.003006,0.038404,0.006071
12.6235,138.07985407108,-48.31131405821,528.086548,522.343872,533.457031,5.5473850823974615,-3.494138417816162,0.002957,0.005006,0.004759
12.6374,138.51641697464,-48.40834892607,1896.16614,1638.34558,2238.27979,9.431846283081054,-1.2406810426025392,0.002985,0.04748,0.007022
12.6429,138.27278007628,-48.28849600028,1105.43103,1013.96741,1202.61377,8.98358387121582,-2.1231202948913572,0.00294,0.027812,0.006231
12.6447,138.50382629177,-48.60289876233,123.729576,119.674591,128.047043,11.254722465942383,-1.4565189263000486,0.004024,0.150713,0.019316
12.6561,138.21426632465,-48.7078722438,1235.20337,1055.48608,1459.07788,11.974892134521486,-1.3714674406433107,0.003507,0.059846,0.015194
12.6677,138.2142670885,-48.28622763289,1039.55884,973.617065,1158.62244,9.125309739685058,-2.1887862997436525,0.002965,0.032863,0.006529
12.6684,138.5029192393,-48.39023202649,1785.53015,1608.61377,1979.4209,7.7554684086914065,-0.6839570871582032,0.002898,0.013901,0.004016
12.6797,138.17712431348,-48.28858274598,1091.71558,950.294983,1310.71936,9.90092723614502,-2.04805310836792,0.003244,0.096405,0.01224
12.7021,137.96397964555,-48.3786862932,967.707703,916.830383,1017.01007,8.74702248486328,-2.092451569763184,0.002867,0.012224,0.005408
12.7085,137.93344869781,-48.57906508386,620.854309,561.159363,693.414185,10.367187243652342,-1.612398803161621,0.003761,0.134094,0.016128
12.7091,138.1639965167,-48.70463186804,733.590027,662.040222,818.230042,11.762861944122314,-0.7916695121765138,0.00322,0.074406,0.011443
12.7292,137.97470971466,-48.36805142826,568.39209,490.542297,673.4375,10.855815375671387,-1.8792672963256836,0.0039,0.072767,0.016016
12.7372,138.45082234509,-48.34454842903,378.908234,333.942322,442.314362,11.135786490966797,-2.020605226837158,0.004507,0.13743,0.019109
12.7452,138.18703477131,-48.70779313229,1841.9668,1615.01978,2156.90308,10.893961444122315,-1.2125337249908448,0.002936,0.026188,0.006773
12.7672,138.02838099004,-48.33088020295,1547.12036,1400.18542,1747.42493,8.600043686096193,-2.1837057651062013,0.002888,0.022114,0.005216
12.7747,138.04524244161,-48.32238390141,1483.23376,1377.33496,1632.17529,8.443956060791017,-1.9183808525390624,0.002884,0.023969,0.005085
12.7763,138.3908786798,-48.68099213487,1994.45312,1840.95813,2185.28394,9.026431038238524,-1.675291031524658,0.002825,0.011949,0.00451
12.8278,138.46495006232,-48.64281187809,1507.08972,1372.11316,1687.3385,9.473975701782226,-2.0092536707458497,0.002936,0.028425,0.012164
12.835,138.018265644,-48.3349741184,2342.02222,2084.63281,2800.63574,8.93579155267334,-1.4479959508056641,0.003029,0.044395,0.006046
12.8446,138.30048232629,-48.28848130462,1097.87329,972.877319,1264.45825,9.27098075531006,-2.1809357731323242,0.00307,0.040064,0.008372
12.859,137.92511872129,-48.57190117489,1103.2948,1014.85852,1201.4303,7.574551947814943,-0.3012141870727536,0.002945,0.037664,0.004129
12.87,138.08118316625,-48.30622358698,2028.7478,1720.82837,2715.87964,8.760607818542482,-2.2526161967163087,0.002924,0.022238,0.005666
12.8829,138.24145167101,-48.71168915698,964.931091,853.07373,1102.60645,11.617198877563478,-1.252812986312866,0.003162,0.041198,0.007545
12.8856,138.50612030969,-48.60822867631,2819.78931,2541.98462,3156.67798,7.708781119689942,-0.9639331656188963,0.002803,0.012856,0.003972
12.8959,137.98952618837,-48.35203310176,1562.82227,1464.90393,1707.75574,8.3828170211792,-1.3777606695251463,0.00285,0.023035,0.004463
12.8968,138.55112994556,-48.47567825076,1002.23743,973.860901,1040.97424,7.139865872863769,-0.6902992250671387,0.002827,0.009733,0.004067
12.9102,138.13723533452,-48.70368793138,4043.71509,3526.7793,4716.20361,9.655798356170653,-0.6184619051513671,0.002825,0.014978,0.004164
12.9123,137.91811537481,-48.43413040208,1150.90857,1076.61133,1258.13074,9.067680158569335,-1.4824030583496093,0.002906,0.033377,0.005519
12.915,138.06795596323,-48.31011633346,1650.25732,1465.15613,1829.9093,8.61126699230957,-2.0967916728515625,0.00288,0.021852,0.005657
12.9182,138.22147915541,-48.71239900002,765.015381,754.834412,778.118591,8.398549724243164,-1.8618207202301025,0.002776,0.003522,0.003941
12.9298,138.2518784085,-48.71208406909,992.925293,851.100769,1167.7345,12.163222813690187,-0.9762412925872801,0.003481,0.060653,0.009854
12.9308,138.49889212553,-48.61716906566,437.970215,424.920959,451.94281,9.206935356018068,-2.0881088245239257,0.002886,0.021254,0.005474
12.9471,137.97496032254,-48.63287665686,516.814575,493.050171,542.71521,9.950743276062013,-1.8882536366882325,0.003039,0.048768,0.010208
12.9543,138.02147987858,-48.33058187922,1646.25854,1335.25525,2000.5426,10.033409764343261,-2.1115392650756837,0.003411,0.073972,0.014619
12.964,138.29400501464,-48.70881915677,555.737183,495.575928,627.126648,12.312512431945802,-1.345478328979492,0.003759,0.064911,0.018248
12.9644,138.27386586392,-48.2831871937,1726.98828,1377.82983,2033.1106,9.613500880737305,-1.9128763731994627,0.003177,0.05736,0.010523
13.0306,138.30545759744,-48.28607428816,678.328857,653.175354,701.303345,8.272052067199706,-2.821416010192871,0.002851,0.010366,0.005322
13.0368,138.22762568785,-48.7144254489,762.50116,751.518066,775.346558,8.453102731750489,-1.9720501608886718,0.002781,0.003847,0.003932
13.0467,138.19125999776,-48.7131949199,2697.6582,2381.21582,3298.47144,9.969451427124024,-0.9739607432098389,0.002844,0.015468,0.004385
13.05,137.96426753137,-48.36837417234,1695.00183,1553.27905,1881.21045,8.703300619384766,-2.1392483468322756,0.002917,0.015656,0.005515
13.0614,138.50275930798,-48.61725288386,1222.12671,1043.91968,1492.64465,10.507767557434082,-1.9675051503295897,0.00325,0.054862,0.012626
13.0632,138.13107306079,-48.7051251778,705.315796,640.5448,770.622559,,,,,
13.0719,138.49977310706,-48.62050547856,1505.9408,1392.22217,1668.03369,9.384635697021483,-2.0409386803588867,0.002914,0.02144,0.005902
13.0939,138.07557130344,-48.69054028068,2640.34497,2454.09253,2862.37036,8.676025156646729,-1.0421683757476807,0.002795,0.004829,0.003883
13.1038,138.49486628362,-48.62602133355,2440.86523,1971.45728,3007.54663,10.025992261901855,-1.8333044761657713,0.003055,0.047744,0.008236
13.1104,138.40762336108,-48.68071833045,592.030151,588.897644,595.374146,5.221597585815429,-3.3355362474365235,0.002761,0.002839,0.003792
13.1162,138.38823137773,-48.68850602537,1059.63782,1022.37579,1096.58813,8.72148751235962,-1.607718969696045,0.002799,0.006258,0.004168
13.1236,138.00673197062,-48.33532386852,1641.6864,1332.16296,2004.45435,10.012835958435058,-2.170401437286377,0.003199,0.075439,0.011609
13.1317,138.55818772512,-48.4851064421,892.858398,783.794434,1074.48254,10.469729975219728,-1.1214375882873537,0.003728,0.106864,0.011428
13.1339,137.91803017208,-48.42270579503,1672.13403,1487.0658,1935.38574,8.97395345776367,-0.7713047089233398,0.002949,0.043009,0.004663
13.1682,138.25239165248,-48.27825165278,839.708679,816.528381,868.693298,7.574598291015626,-2.5966280345458985,0.002798,0.005452,0.004127
13.1733,138.44210679346,-48.66515079398,1847.34485,1524.89661,2238.45703,10.560470840759276,-1.2496779674072265,0.003228,0.087295,0.012605
13.1772,137.95125973175,-48.37708732136,772.943298,755.031677,790.210327,7.18154421118164,-2.4496287846679685,0.002781,0.004492,0.00404
13.215,138.45775538838,-48.65681244629,986.201416,951.917969,1019.75134,7.808614498718262,-1.8111653876342775,0.002782,0.006021,0.004295
13.2372,138.05284074347,-48.68471457147,569.728943,556.523682,583.693115,9.499577231872557,-2.045461415725708,0.002863,0.006874,0.004623
13.2432,137.99227832947,-48.65303181568,1896.53284,1795.05505,2031.74182,5.905375643768311,0.15055471194458026,0.002822,0.005663,0.00388
13.2461,138.00895670522,-48.33127194786,425.873688,394.743469,458.657257,10.060717361022949,-1.666434750213623,0.00347,0.087532,0.011161
13.2468,138.27885163426,-48.71539564523,1422.50452,1261.24097,1594.40735,11.024540553161621,-1.2452679274902345,0.00299,0.025757,0.006819
13.2527,138.04363393152,-48.68111093719,2979.11646,2765.85254,3245.73975,8.22577888873291,-0.3228654554138184,0.002802,0.010666,0.0039
13.2547,138.55463204186,-48.54324348529,554.029175,465.164978,631.747864,11.221326381958008,-1.9354622326049804,0.004038,0.080347,0.018645
13.2647,138.52710904253,-48.59606087872,1873.03833,1761.40723,2010.26599,7.617529847900391,-0.834699071533203,0.002819,0.01285,0.003946
13.2657,137.95622411918,-48.36963122409,2117.11597,1807.91882,2492.46167,9.152433782043456,-2.0429700161743165,0.002918,0.041319,0.005236
13.2661,138.08561019336,-48.69705122108,2788.09033,2457.69116,3271.80835,9.595805208129882,-1.2988261480255128,0.002877,0.007372,0.004374
13.2713,137.92621049587,-48.40366827058,1104.18115,1067.91248,1142.34424,7.609645495239258,-1.2687597275695799,0.002811,0.01173,0.004065
13.2767,138.18952733253,-48.71692153922,612.24823,586.342224,638.365112,10.669221548797609,-1.5668836677856444,0.002898,0.020995,0.006135
13.2814,138.2490623029,-48.71808229932,2071.94067,1871.36194,2370.70337,10.748060540039063,-1.1825877677917482,0.002903,0.020751,0.004611
13.2862,138.31788036913,-48.71054020184,1421.89404,1342.11682,1500.4939,9.478683102996825,-1.5367725589294432,0.002801,0.011859,0.004462
13.2907,138.46509829332,-48.653835389,1437.37683,1377.02515,1505.86572,7.857788704589844,-2.046670941253662,0.002788,0.006209,0.004128
13.3108,138.41502581561,-48.68149721636,856.891052,837.815491,873.206116,7.75760988104248,-1.9660782565612793,0.002778,0.004244,0.003891
13.3391,138.36414811854,-48.29390466995,2034.74292,1709.10999,2699.99658,9.583384914733887,-2.1796692855529787,0.003126,0.047654,0.009131
13.3419,138.21724486921,-48.27490465742,747.812134,629.836426,962.75647,10.884496549682616,-2.0158649226074217,0.004155,0.115691,0.016675
13.3492,137.92307875949,-48.59002903323,708.158936,678.84137,729.507141,8.319746666931152,-1.9142622085876466,0.002879,0.025456,0.004502
13.3583,138.15361565204,-48.7142147296,1400.19922,1194.66528,1787.34558,11.810588453094482,-1.111658254989624,0.003205,0.050134,0.011195
13.42,138.32770695365,-48.71096491234,6016.01367,5163.15283,7624.7876,8.360625443267823,0.5777353466491695,0.002809,0.01696,0.003921
13.4272,138.39531174456,-48.69182747598,1875.46069,1502.4436,2237.93652,11.089221785125734,-1.4492421695861815,0.003323,0.05781,0.010127
13.4278,138.30345120385,-48.71537798457,1259.76453,1215.80823,1302.8761,8.687526669036865,-1.6304596815032957,0.002783,0.00502,0.004013
13.4341,138.01301156143,-48.66983222724,1517.05396,1404.09424,1599.46692,8.730883151794433,-1.512665953979492,0.002797,0.00831,0.004024
13.442,138.1499655943,-48.71508517228,593.900146,553.938293,629.910645,11.51120944580078,-1.2956312649841308,0.003119,0.030799,0.010604
13.4592,137.94236835925,-48.61742370977,825.418213,752.478821,907.067627,9.709923443542479,-0.7078091979675292,0.004078,0.142619,0.009718
13.4649,138.55157564297,-48.56478295369,671.566772,633.016968,719.657959,9.736883074829102,-1.7029334115600587,0.003149,0.048994,0.007031
13.4792,138.16456660233,-48.27653356336,1242.76819,1175.95081,1319.80225,7.910936669311525,-2.072023628997803,0.002825,0.008638,0.004387
13.4916,138.38261484264,-48.69756266748,1210.43445,1121.73999,1337.96753,10.071127194000244,-1.3898333746185303,0.002906,0.019306,0.004726
13.5153,138.49886445933,-48.63395306847,2073.2334,1804.96619,2410.28418,9.694706493469237,-1.8479661446838378,0.002989,0.029443,0.007466
13.5542,138.11124812261,-48.28507069485,968.509155,887.026855,1056.86804,9.475790024414064,-1.914079422241211,0.003119,0.053236,0.008166
13.5551,138.41436129821,-48.68666676732,3568.48071,2903.14526,4670.37646,9.558120767669678,-0.08520548028564434,0.002982,0.049995,0.004583
13.5581,138.193350071,-48.7219184002,1354.4165,1315.83044,1400.27209,8.601950806884766,-1.549357001373291,0.002777,0.004172,0.004133
13.5847,138.27460668117,-48.27281880883,568.538574,542.909607,597.043823,8.795284799621584,-2.600484799530029,0.002915,0.01974,0.005956
13.6169,138.04997508401,-48.69097976136,1133.75269,980.793518,1362.07312,11.72074606463623,-1.239880117843628,0.003335,0.059307,0.009902
13.6339,138.04762587244,-48.30421497062,605.799805,582.270264,626.283752,8.661444936218263,-2.650920301361084,0.002888,0.019337,0.005681
13.6347,138.41481117645,-48.6880571363,1651.04968,1574.08447,1737.23132,8.557005626068115,-1.5559500741882326,0.002811,0.009526,0.003999
13.6389,138.1186409641,-48.71255168345,2231.45679,1944.85327,2834.854,11.021492956207275,-1.0002464553833006,0.002976,0.022834,0.006655
13.641,138.44938200152,-48.67129543175,1474.3457,1441.62866,1511.09619,6.304573281982423,-0.916895222869873,0.002777,0.003969,0.003819
13.6493,137.89792584376,-48.43613570595,1333.18933,1129.2738,1652.3031,10.311631241027833,-1.7086399697875976,0.003307,0.080017,0.011482
13.6719,137.93327468574,-48.38063277382,779.689087,752.134277,808.879944,8.236279468811034,-2.038977374420166,0.002831,0.013059,0.006671
13.6763,138.38696480491,-48.69954689409,3231.39648,2660.18481,4266.9917,10.126038781127928,-0.5683485211486818,0.002947,0.039343,0.004762
13.6824,138.42495658589,-48.68451742241,834.785461,788.773438,900.831848,10.094097432739257,-1.6056925208129882,0.002979,0.025844,0.00722
13.6978,138.26939089144,-48.27047320074,1440.18555,1182.146,1834.99451,9.737559936645507,-2.206908069641113,0.003188,0.057567,0.013328
13.6981,138.49256155004,-48.64404708739,2280.82642,1918.45508,2787.17896,9.94590521166992,-1.30937315536499,0.003054,0.070212,0.011047
13.7039,138.49809588035,-48.63972228324,553.117493,474.904602,700.087036,11.29933419720459,-1.8307945603637696,0.004032,0.115652,0.019635
13.7105,138.07969685987,-48.7033967741,1591.33398,1537.7804,1637.14551,8.081461055267335,-1.6789255667114258,0.002775,0.003996,0.003865
13.7143,138.46296403022,-48.66499940333,589.339172,576.311157,601.133789,8.376651415893555,-2.6277083260498046,0.002798,0.008316,0.004577
13.7165,138.36256252542,-48.28659709954,1081.96106,1050.98547,1119.8269,6.968674371276855,-2.5559488056030273,0.00279,0.004689,0.003949
13.7444,138.00713034335,-48.67332969158,1105.65906,1009.10724,1188.79822,10.000825655364991,-1.3545574056549072,0.002896,0.025577,0.004969
13.7593,138.51509681357,-48.36901681382,1007.00269,952.532776,1076.78247,8.90616009338379,-1.900052130554199,0.002873,0.019126,0.005488
13.7614,138.23622970415,-48.26784707537,473.813995,471.679077,476.66272,4.412574923339843,-3.8254933836364744,0.002761,0.002871,0.00381
13.7665,138.17169891635,-48.27082029057,1810.66565,1501.75537,2227.19336,9.416377758544922,-1.7251995044250488,0.003049,0.049437,0.007657
13.8314,138.40021787624,-48.29681078559,1387.63708,1270.89575,1558.71521,8.936309342651366,-2.278869983154297,0.002953,0.024729,0.0124
13.8434,137.88150894903,-48.51712113742,753.199524,615.173706,882.813293,10.727159291687013,-2.174690229034424,0.004115,0.069229,0.02045
13.8453,137.90882850064,-48.40599494089,1545.33667,1409.48718,1687.83411,8.690606768554687,-0.9092087369384765,0.002906,0.034466,0.004561
13.8489,138.21861300628,-48.72786859603,211.686539,211.353363,212.131088,4.963933116699218,-2.6752654082794187,0.002765,0.002924,0.003834
13.8499,138.08138513989,-48.28798801272,396.435089,392.495636,400.775757,6.63636598602295,-3.030063720855713,0.002769,0.003883,0.003967
13.8679,138.53943217775,-48.39289925727,680.086304,655.934814,708.387085,9.038464523254394,-2.4159299885559085,0.002864,0.013248,0.005187
13.8726,137.98345444006,-48.66203087823,735.065125,680.892395,819.230103,10.768671202667235,-0.6662249250488279,0.003596,0.094244,0.007953
13.8755,138.41844581689,-48.69128303272,1551.90088,1373.07275,1752.42285,10.192862799987793,-1.6764169572143555,0.002997,0.038161,0.007652
13.8783,138.22023135196,-48.26590476688,2166.74756,1752.98022,2761.53247,9.348689071472169,-1.848372316680908,0.003026,0.038736,0.006229
13.9144,138.57818853542,-48.4893453558,624.549011,619.788025,628.657837,3.6919162440795894,-3.8676307797546388,0.002768,0.002896,0.003825
13.9145,137.96518209795,-48.34464855942,1801.43201,1532.03723,2127.09766,9.122195826904296,-0.6694820165100097,0.003013,0.0408,0.004982
13.9209,138.53381922448,-48.3840433524,1181.66174,949.385071,1504.84021,10.97007591644287,-1.229439325592041,0.003702,0.090052,0.013722
13.9214,138.47222891571,-48.33085152022,905.689697,842.096924,980.535828,9.182481711730958,-1.8018612098388673,0.002927,0.033912,0.009295
13.9336,138.36877982618,-48.28443512637,1400.19873,1150.90442,1760.34473,9.916111995056152,-2.0242986078186034,0.003384,0.078252,0.015887
13.9709,137.94754349022,-48.35759723542,2673.69702,2157.04639,3375.06299,9.485714431274413,-1.9812614607543946,0.002978,0.038335,0.006056
13.9718,138.55998571414,-48.42042069315,1221.09143,1139.86121,1305.84924,8.851352489746095,-1.5031234162902831,0.002911,0.016301,0.005078
13.9854,138.03672718636,-48.30188058918,1266.15686,1219.03064,1328.00122,7.228186925903321,-2.3980805460205077,0.002794,0.007478,0.004174
13.9874,138.09933545549,-48.28036137453,1165.33313,1005.71606,1393.31958,9.740445899902344,-2.095650586730957,0.003187,0.06049,0.01066
14.0125,137.91743259389,-48.38772125059,1729.34216,1427.8833,2274.41211,10.361608142211914,-1.7236346748046874,0.003335,0.055894,0.014107
14.0155,138.55025159377,-48.59294770708,553.738342,542.270325,567.367249,8.513853690795898,-2.396295869659424,0.002819,0.009328,0.004515
14.0199,138.00981671852,-48.68068267372,1120.12549,1105.88733,1135.0614,6.300433167785645,-1.0723035766906737,0.002778,0.003128,0.003826
14.0276,138.55954694562,-48.41686523687,650.079834,610.953674,706.72876,10.101954928710938,-1.6914876975708006,0.003308,0.045125,0.008955
14.0329,138.23362442749,-48.73100185301,1252.99072,1161.49438,1372.92273,10.648206291137694,-1.0504276532745362,0.002893,0.02101,0.00566
14.0644,138.03514273881,-48.69361798777,955.015503,906.519287,1021.81714,10.095960638275148,,0.003026,,
14.0675,138.03456676054,-48.69343133911,865.803711,833.184509,903.993591,9.796657611389161,-1.3428182831726074,0.002908,0.022864,0.024368
14.0695,138.3693782305,-48.71232546481,1580.34399,1316.37854,1916.54968,11.23290546951294,-1.0600982268829346,0.003156,0.054245,0.009244
14.0924,138.02637671337,-48.69028594083,1731.53369,1474.11609,1987.25391,11.168071840576172,-1.1419624643554687,0.003091,0.046543,0.013512
14.0997,138.52103538632,-48.36473124661,1638.99463,1583.67212,1695.46106,7.159521426513672,-1.5149550084228514,0.002788,0.006078,0.003969
14.1075,138.52364415147,-48.62798068772,1339.03601,1107.93079,1575.81421,10.269474956848146,-1.6096942468566895,0.00318,0.066671,0.009611
14.1222,137.87869537545,-48.45664691873,771.825745,674.92804,890.551575,10.593622029785156,-1.9670664750061033,0.003395,0.062856,0.014838
14.134,138.077924597,-48.28383787585,1830.77393,1661.39246,1998.73352,8.242682289367675,-1.9623339342041017,0.002853,0.019324,0.004959
14.139,138.44192510746,-48.30887553279,1369.63806,1223.69141,1597.15967,9.30730308465576,-2.100604730102539,0.002971,0.030836,0.007217
14.1447,138.47781502268,-48.66555260703,1599.75354,1310.95203,2061.62866,10.440912037719727,-1.5831836397705077,0.00319,0.060035,0.010701
14.1454,138.1388197359,-48.72533362134,529.242798,501.697113,557.518677,11.095917638549803,-1.1135185101623537,0.003068,0.02556,0.006469
14.1517,138.25991552832,-48.73208839591,1232.90259,1148.96338,1323.4751,10.14214209716797,-1.2415849115753175,0.002837,0.011931,0.004869
14.1565,137.89833881661,-48.40920192331,488.596497,479.007721,496.318085,7.904905540161131,-2.6804108534851077,0.002796,0.005192,0.004418
14.1877,137.90188167523,-48.4022962221,2481.55957,1974.88757,3111.11523,9.895862143554687,-0.34550158694457966,0.003363,0.1459,0.007671
14.2087,138.51048311123,-48.64292476967,1681.98096,1395.1615,2189.03955,10.398738012878418,-1.437800230773926,0.003218,0.075709,0.008527
14.2396,138.42758575164,-48.6945751841,2066.9126,1753.849,2499.73486,10.525336702423097,-1.4460231806335448,0.00305,0.045184,0.00917
14.2461,138.39855234994,-48.70624290908,1971.66858,1685.83972,2313.97949,10.272067173065185,-1.3535356757354737,0.002942,0.025461,0.005872
14.247,138.24069301623,-48.73445836772,1207.45886,1148.1051,1272.9447,10.219811795227052,-1.143236564453125,0.002838,0.014098,0.004649
14.2603,138.13505235789,-48.72665533272,514.773315,504.68222,523.02832,9.112263161560058,-1.7067195801086426,0.002788,0.004559,0.004011
14.2749,138.52506244179,-48.36347176866,491.404144,483.391052,500.061859,8.171051494934083,-2.6316879956054686,0.002802,0.005795,0.004417
14.2915,138.54693500626,-48.60801616313,181.604187,181.240204,181.918579,5.065534347229004,-2.821141179534912,0.002773,0.003065,0.003864
14.2917,138.24309429243,-48.73514403624,1214.33252,1175.78052,1262.05835,9.035518605957032,-1.1390851950073242,0.00279,0.006172,0.003966
14.2973,138.52542788536,-48.63189100645,2209.42407,2136.88989,2279.36475,5.018309524780273,-1.0126410682983398,0.002779,0.003318,0.003815
14.3045,137.89270630882,-48.4119558221,1421.32239,1313.67786,1508.93604,8.612740234375,-1.6259841908569337,0.002863,0.016635,0.00453
14.3111,137.99611141305,-48.31520613121,1312.17822,1163.51819,1510.92175,9.321596857849123,-2.314218693267822,0.00305,0.028759,0.01093
14.322,138.43624495706,-48.69231349583,450.995239,411.113068,496.706635,11.369707679290773,-1.2625821463012694,0.003691,0.088654,0.013413
14.3503,137.87094458884,-48.53057337847,616.794556,608.376709,628.284058,6.836795510009766,-3.3253507635803223,0.002789,0.004024,0.004163
14.3612,138.26555689172,-48.2590638336,536.395996,531.595581,543.340515,6.407284899658203,-3.2049416216430666,0.002815,0.004416,0.004054
14.3618,137.96432210741,-48.33416503725,1142.83228,1097.71826,1199.59509,7.759188331604005,-2.512777414367676,0.002808,0.006782,0.00415
14.3637,138.1643401076,-48.73275953479,5183.49121,4161.66748,6634.73438,10.549854973541258,-0.30263657246398923,0.002884,0.024668,0.005233
14.3649,137.95128859047,-48.34389524431,1012.74329,842.389465,1289.68738,10.793208563415526,-1.742940555419922,0.00383,0.09019,0.015118
14.3846,137.99549548414,-48.31394743283,1008.76685,967.557861,1059.88708,7.939617341674804,-2.413772107910156,0.002817,0.008227,0.004724
14.3863,138.26509485659,-48.73569001781,6005.76758,5189.73096,7110.76074,9.430574911865236,-0.00605642985534649,0.00283,0.013438,0.00407
14.3915,138.48009521571,-48.32501097107,1524.65955,1438.58044,1613.44202,8.043314921325685,-2.277760783630371,0.002824,0.027771,0.004782
14.421,138.20543640559,-48.25728281789,611.758667,588.964478,637.849426,8.588138145141603,-2.6757972550354,0.002862,0.011981,0.005376
14.4225,138.25304406765,-48.73696984178,1529.97229,1378.27185,1694.021,10.873340030059815,-1.0875745683746336,0.002969,0.02728,0.006157
14.4615,138.25233697521,-48.25664395519,1439.41492,1370.96021,1524.43555,7.316892549926759,-2.7367957389526367,0.00279,0.005063,0.004039
14.4621,138.55377404335,-48.38979069703,1066.21777,973.00415,1178.40198,9.845941510131837,-1.556812910675049,0.003018,0.025234,0.006297
14.464,138.32366911978,-48.72984681366,2062.62524,1600.31787,2534.59937,11.5095008828125,-0.13937316804504407,0.003203,0.073969,0.006914
14.4641,137.90874365443,-48.38256008022,854.787231,799.873413,914.12207,9.35915029650879,-1.7675358979492186,0.002956,0.026306,0.006518
14.4706,138.43842250022,-48.69432883653,485.370941,468.730927,504.446228,9.947466852478026,-1.8043461191711425,0.002934,0.022061,0.005961
14.4724,138.55885306371,-48.39640294002,1360.81677,1146.0144,1582.64221,10.63418665875244,-1.6195891325988772,0.003336,0.052332,0.00983
14.4736,138.58458352438,-48.54766633453,591.914856,553.219055,620.52478,9.739641788757325,-2.378813033111572,0.002992,0.03266,0.010347
14.4783,138.5925945628,-48.49861092074,397.569244,337.786957,501.426697,11.896900666076661,-1.5454569060668946,0.004639,0.120026,0.024393
14.4823,137.92797717902,-48.36109653984,1549.85535,1356.85706,1753.00488,9.652562561340332,-1.7569376661987306,0.003049,0.038371,0.006505
14.4852,138.4727353632,-48.67651056729,1678.49707,1511.56567,1869.92896,9.513746058837892,-1.7606726698913575,0.002931,0.024697,0.005943
14.4901,138.0438855692,-48.7055372824,1299.14685,1189.125,1412.13184,10.525551414703369,-1.4075857998809815,0.002894,0.024763,0.005652
14.4913,138.58512931933,-48.54737966425,727.54248,594.371582,903.606201,11.452425416992188,,0.004991,,
14.4956,138.44484920744,-48.69178184632,2038.40283,1701.57983,2576.65137,10.442965278167726,-1.013714280090332,0.003094,0.057135,0.007448
14.4972,138.31122902353,-48.73248636731,4071.77075,3524.91553,5162.44922,9.386901945343016,-0.02519221865844745,0.00282,0.015826,0.004009
14.5328,138.2918239777,-48.73570837618,713.193176,645.058472,836.731018,12.122591560852051,-0.8877024915771483,0.003426,0.063231,0.011509
14.5368,138.16349495283,-48.73558981177,3300.94629,2845.94043,3807.61646,9.737322290405274,-0.328174586517334,0.002821,0.012832,0.004238
14.5476,138.19630475977,-48.25562809945,1374.19507,1302.2074,1444.62683,7.358125378540038,-1.9761857964782714,0.002808,0.006531,0.004131
14.5496,138.06210208748,-48.71325663609,2709.04688,2435.2854,3134.02954,9.818826603363036,-0.10254158511352518,0.002847,0.015915,0.004255
14.5747,138.22489742578,-48.25424539239,1075.72644,934.010071,1251.05725,9.862936301879884,-1.9576260249938966,0.003248,0.06795,0.009426
14.5748,137.87104375338,-48.44370129852,1282.85095,1011.37848,1566.81946,10.663167006530763,-1.4930559375305177,0.003524,0.083148,0.012278
14.6099,138.54627170321,-48.61979576126,2832.60474,2362.28882,3546.69458,9.395306506530762,-1.9630815375061035,0.002938,0.038829,0.007051
14.6132,137.87525433762,-48.43030322063,1816.31665,1536.26147,2198.6853,9.641364193725586,-1.3518181408691405,0.003005,0.064185,0.008006
14.6262,138.04762235992,-48.28499992453,3420.39868,2866.15088,4220.75732,6.5876123350830085,0.9425804115905763,0.003118,0.041432,0.004347
14.6462,138.14007489495,-48.73415356771,398.880463,385.400665,412.723541,11.108351730682372,-0.8108966683807375,0.00305,0.060675,0.006697
14.6731,138.3326350244,-48.73179681305,512.912598,508.78009,517.427124,7.389325801757812,-2.623918548461914,0.002761,0.002925,0.003827
14.6734,137.86210877615,-48.46811096584,1344.99316,1321.00842,1366.48999,5.37128976348877,-2.5824891484375003,0.002764,0.003049,0.003824
14.6754,138.12686863698,-48.26204455517,661.963379,605.42218,716.491638,9.618595680480958,-2.118473202667236,0.003123,0.065092,0.010219
14.6801,138.1103172984,-48.72901319311,1554.90967,1323.30115,1881.21741,11.612646928771973,-0.9863243766021728,0.00395,0.033288,0.010806
14.6834,137.94121298607,-48.3436833033,1713.10132,1616.19373,1814.64807,7.541471650146484,-2.502360132873535,0.0028,0.005569,0.004152
14.6968,138.20568587235,-48.2526665451,1677.91284,1623.0614,1752.30554,6.674824802001954,-2.1517792868652346,0.002784,0.004656,0.003883
14.7051,137.90533331402,-48.37834435002,385.194,355.901337,423.471252,10.983019219116212,-1.4106321651000977,0.003918,0.095564,0.012945
14.7174,138.56809651813,-48.59517024409,679.851746,671.905029,688.140137,6.3454914032592775,-3.163680491546631,0.00279,0.00354,0.004079
14.7285,138.0477693766,-48.71158279287,3660.49902,3313.04834,4105.78662,8.358684278533936,0.03540780850219738,0.002795,0.008015,0.003881
14.7304,138.47733606907,-48.31555460564,1702.59717,1370.63184,2125.7915,10.116711832458495,-2.17970676574707,0.003187,0.080702,0.012839
14.7324,137.9967577564,-48.30575968837,2295.24878,2054.177,2593.65186,8.185086810424806,-1.4594998280334472,0.002896,0.022855,0.004494
14.7371,138.03026236084,-48.70487456178,863.309875,788.829651,964.460876,11.309770396881103,-1.0786194166717529,0.003167,0.043261,0.007904
14.7448,138.53705101374,-48.63384027569,992.681885,816.156616,1191.3717,10.593981973571779,-1.9710482416687012,0.003355,0.054435,0.011581
14.753,138.21665612729,-48.74290457074,428.246704,407.611908,454.993988,12.205738875427247,-1.0559844041748048,0.003468,0.054466,0.01007
14.7695,137.85796476472,-48.47979565299,476.032684,428.902588,549.404724,10.833145877868652,-1.6238731499328614,0.003972,0.09014,0.019523
14.7697,138.43448295265,-48.7021592332,498.083679,452.504242,565.974976,11.47738124331665,-1.4285611543884276,0.003674,0.076267,0.014575
14.7849,137.85794968883,-48.476683892,1061.67395,903.35968,1216.22302,10.189454755493163,-1.8844773292236328,0.00352,0.098297,0.011179
14.7886,138.01053729755,-48.69709996345,448.013,437.564728,460.261902,10.45229942727661,-1.6124957323303222,0.002884,0.016257,0.007866
14.7937,138.57844717317,-48.41399859368,1105.95923,931.598328,1337.35693,11.021403400939942,-1.2650388984069822,0.003532,0.098926,0.014273
14.7942,138.31477249722,-48.73702081083,1661.45422,1429.31702,1851.44275,11.255458818878175,-1.2005687892608643,0.002999,0.028315,0.007174
14.8007,138.33977076692,-48.2618085232,1807.95215,1581.24841,2098.23096,8.618772821350099,-1.9187146986083983,0.002901,0.0283,0.005263
14.8052,137.85704896706,-48.5155377081,748.213379,657.632935,847.901306,10.055321966247558,-2.3161217822265625,0.003384,0.059998,0.015832
14.8054,138.14018161694,-48.25745590677,1038.93579,953.29895,1148.68518,9.360122536010742,-2.0729371997070314,0.003041,0.043511,0.008299
14.8485,138.21099300171,-48.24994284952,636.2995,555.918274,729.293091,10.532455299316407,-1.9585087650756834,0.0037,0.092377,0.015285
14.851,137.99592248827,-48.69108734956,1595.46375,1417.36548,1764.70227,10.460919052276612,-1.215596531478882,0.00294,0.020281,0.005762
14.8542,137.85507443111,-48.50640399908,870.211487,837.493713,914.978516,8.140263306884766,-1.9261687648010253,0.00283,0.015237,0.004138
14.8548,138.60050488468,-48.4751230336,605.753052,601.653198,609.941223,4.696579337768554,-3.5584568466796878,0.002761,0.002835,0.003799
14.8644,138.09473902031,-48.72857593887,478.644623,471.475983,485.765686,8.961032745300294,-1.971722006225586,0.002777,0.003907,0.004131
14.8647,138.10364523476,-48.26368005477,1335.34326,1125.92981,1610.54504,9.887374778442382,-2.1149093000183106,0.003277,0.067407,0.009487
14.8717,138.55796023226,-48.38032353845,1469.03821,1354.60461,1598.9895,9.013952316162108,-1.6092039226989745,0.002868,0.016298,0.004623
14.8749,138.11429778149,-48.26110889179,474.797119,450.112152,496.825134,9.55951079699707,-2.364657070220947,0.003099,0.047067,0.010564
14.8824,137.87188239052,-48.57316146296,534.974731,511.364655,560.053345,8.672590729309082,-2.435330440246582,0.002979,0.025771,0.006773
14.8838,138.19194157002,-48.25026991498,1265.0675,993.097351,1615.68469,10.524919757568359,-1.7600793010864257,0.00366,0.102093,0.01307
14.8882,138.54009715433,-48.63512722878,1262.04431,1216.3645,1300.6134,7.2294091066284185,-2.357456624053955,0.002776,0.004117,0.003864
14.8977,137.85631725459,-48.46873425184,202.02092,200.915588,202.852676,6.669409082458497,-2.3730534913635255,0.002783,0.003678,0.003877
14.8979,138.09071568819,-48.72814223608,1078.62683,1062.41724,1096.20996,7.117428443969727,-1.8039563329925536,0.002762,0.002979,0.003805
14.9048,138.22954168411,-48.74555820076,1237.25452,1088.10303,1388.18567,11.633419904724121,-0.9982220260925292,0.003102,0.04817,0.009797
14.9065,138.36002514167,-48.26458098572,1209.76746,1101.91638,1326.65173,8.99917874786377,-2.2503896146545412,0.002935,0.028086,0.007048
14.9068,137.89660573537,-48.61325304936,254.592056,253.950928,255.205719,4.1434083048095705,-3.6285142102050782,0.002776,0.003033,0.003879
14.9234,138.5868102163,-48.42373373347,835.025696,649.708374,1028.31848,11.802644941528321,-1.805291058380127,0.00445,0.173253,0.021162
14.9417,138.30516276806,-48.74095492807,1354.66443,1139.95972,1570.34985,11.840883841369628,-1.0368029406127928,0.003233,0.057111,0.010069
14.9623,138.04500185611,-48.71502681178,1030.61951,970.912231,1093.48401,10.353939984802246,-1.4590843605194093,0.002867,0.011092,0.005418
14.9709,138.14019638958,-48.73974355535,466.497925,463.409515,470.60434,8.152839219726562,-2.384058004455566,0.002764,0.003193,0.003904
14.9793,138.20277358508,-48.24807398121,856.445251,831.424988,887.127319,7.8747783088378895,-2.383957320220947,0.002815,0.008981,0.004228
14.9835,138.41905533625,-48.71273186926,1373.90491,1258.71558,1513.28662,9.795025677337648,-1.4511669338684081,0.002868,0.014166,0.005371
14.9981,137.97594447019,-48.31171464679,2086.46069,1791.98083,2631.05762,9.62929461553955,-1.8621437780151369,0.003134,0.050066,0.009157
